Date,P,T,Q,PET
2014-01-01,0.000,-2.132,0.972,0.034
2014-01-02,0.909,-0.373,0.936,0.183
2014-01-03,0.921,-0.741,1.211,0.196
2014-01-04,1.019,-0.832,1.036,0.206
2014-01-05,0.548,-0.909,0.951,0.166
2014-01-06,1.537,-1.140,0.889,0.112
2014-01-07,1.875,-0.283,0.884,0.162
2014-01-08,0.886,0.342,1.503,0.146
2014-01-09,0.460,-4.809,1.362,0.150
2014-01-10,0.312,-13.367,1.076,0.179
2014-01-11,0.370,-16.060,0.874,0.208
2014-01-12,0.000,-14.941,0.742,0.228
2014-01-13,0.000,-15.896,0.631,0.000
2014-01-14,0.000,-15.945,0.538,0.000
2014-01-15,0.000,-18.904,0.448,0.047
2014-01-16,0.000,-17.218,0.386,0.000
2014-01-17,0.000,-15.264,0.346,0.082
2014-01-18,0.000,-17.852,0.313,0.016
2014-01-19,0.000,-15.951,0.259,0.000
2014-01-20,0.000,-10.349,0.265,0.153
2014-01-21,0.000,-9.762,0.269,0.129
2014-01-22,0.000,-11.412,0.247,0.000
2014-01-23,0.090,-9.720,0.253,0.144
2014-01-24,0.000,-14.304,0.217,0.000
2014-01-25,0.000,-13.016,0.201,0.124
2014-01-26,0.000,-10.552,0.205,0.197
2014-01-27,0.000,-9.592,0.186,0.217
2014-01-28,0.000,-12.873,0.184,0.083
2014-01-29,0.000,-11.101,0.166,0.140
2014-01-30,0.000,-12.295,0.162,0.128
2014-01-31,0.404,-12.595,0.149,0.156
2014-02-01,3.890,-10.237,0.155,0.189
2014-02-02,3.220,-4.181,0.187,0.208
2014-02-03,0.158,-0.974,0.191,0.149
2014-02-04,0.508,-2.953,0.193,0.000
2014-02-05,0.500,-3.373,0.203,0.190
2014-02-06,0.559,-4.726,0.212,0.208
2014-02-07,0.000,-5.070,0.216,0.196
2014-02-08,5.193,-1.453,0.226,0.161
2014-02-09,3.847,-1.195,0.234,0.145
2014-02-10,1.466,-0.714,0.243,0.171
2014-02-11,1.342,-0.949,0.248,0.142
2014-02-12,1.225,-1.861,0.253,0.118
2014-02-13,2.524,-2.509,0.257,0.145
2014-02-14,2.173,-1.696,0.262,0.138
2014-02-15,3.398,-2.065,0.264,0.146
2014-02-16,4.222,-1.548,0.279,0.158
2014-02-17,0.275,-0.600,0.282,0.144
2014-02-18,0.189,-0.865,0.278,0.085
2014-02-19,0.000,-3.551,0.272,0.161
2014-02-20,0.000,-7.046,0.267,0.148
2014-02-21,6.159,-6.520,0.268,0.200
2014-02-22,0.812,-2.001,0.274,0.116
2014-02-23,0.000,-0.658,0.270,0.078
2014-02-24,0.000,2.241,0.490,0.071
2014-02-25,0.000,2.147,0.618,0.283
2014-02-26,0.000,-1.259,0.500,0.158
2014-02-27,0.362,-1.975,0.420,0.162
2014-02-28,0.000,-1.303,0.381,0.142
2014-03-01,0.397,-1.921,0.359,0.195
2014-03-02,1.694,-2.521,0.350,0.217
2014-03-03,1.956,-2.084,0.353,0.223
2014-03-04,0.060,-1.975,0.349,0.189
2014-03-05,0.000,-1.491,0.344,0.174
2014-03-06,0.139,-0.911,0.340,0.171
2014-03-07,1.767,0.428,0.370,0.197
2014-03-08,0.000,1.661,0.823,0.752
2014-03-09,0.000,2.413,0.695,0.834
2014-03-10,0.000,3.986,0.708,1.515
2014-03-11,0.000,1.934,0.766,1.209
2014-03-12,0.000,5.273,0.935,1.141
2014-03-13,0.666,4.071,1.516,1.017
2014-03-14,0.000,0.976,1.643,1.494
2014-03-15,0.260,-2.321,1.303,1.059
2014-03-16,0.052,-6.157,1.065,0.698
2014-03-17,0.717,-7.465,0.893,0.392
2014-03-18,0.000,-7.875,0.768,0.513
2014-03-19,0.000,-9.271,0.664,0.574
2014-03-20,5.604,-7.393,0.554,0.629
2014-03-21,3.144,-1.624,0.544,0.412
2014-03-22,0.000,2.296,0.533,1.441
2014-03-23,1.030,-0.465,0.524,0.490
2014-03-24,0.000,1.329,0.510,0.940
2014-03-25,0.000,-0.435,0.486,1.265
2014-03-26,0.000,1.154,0.462,1.649
2014-03-27,0.000,2.798,0.467,1.700
2014-03-28,0.000,4.119,0.493,1.632
2014-03-29,0.000,4.211,0.488,1.998
2014-03-30,0.000,-0.523,0.507,1.161
2014-03-31,0.157,-2.514,0.501,0.774
2014-04-01,0.000,-2.023,0.485,1.232
2014-04-02,0.192,-0.017,0.473,1.442
2014-04-03,0.000,-2.016,0.457,1.496
2014-04-04,0.000,-2.076,0.431,1.359
2014-04-05,0.078,0.912,0.418,1.198
2014-04-06,0.139,-0.302,0.412,1.001
2014-04-07,0.000,-0.729,0.404,1.226
2014-04-08,0.000,-1.451,0.396,1.407
2014-04-09,0.139,-1.460,0.390,1.757
2014-04-10,1.320,-1.547,0.384,1.025
2014-04-11,0.000,2.973,0.413,1.387
2014-04-12,1.426,2.157,0.547,1.358
2014-04-13,0.000,2.737,0.919,0.890
2014-04-14,0.061,3.078,1.494,1.370
2014-04-15,0.069,1.156,1.876,2.306
2014-04-16,0.000,2.032,1.657,1.670
2014-04-17,0.000,3.615,2.070,1.425
2014-04-18,1.373,3.835,3.079,1.604
2014-04-19,0.000,5.805,3.778,2.374
2014-04-20,0.000,5.095,4.976,2.008
2014-04-21,1.183,6.558,5.366,2.777
2014-04-22,0.000,3.834,4.955,2.586
2014-04-23,0.000,0.762,3.510,2.335
2014-04-24,0.000,5.924,2.926,3.080
2014-04-25,0.000,9.555,3.282,3.469
2014-04-26,0.000,9.097,3.455,3.063
2014-04-27,0.000,8.366,3.591,2.896
2014-04-28,0.000,6.358,3.391,2.189
2014-04-29,0.000,3.160,2.886,2.426
2014-04-30,1.481,-0.646,2.170,1.489
2014-05-01,0.303,-0.165,1.727,1.559
2014-05-02,0.000,0.887,1.569,2.165
2014-05-03,0.139,0.858,1.431,1.705
2014-05-04,0.078,0.156,1.334,2.062
2014-05-05,0.104,0.501,1.215,1.740
2014-05-06,0.000,1.231,1.131,2.071
2014-05-07,0.000,0.156,1.057,2.044
2014-05-08,0.000,2.599,1.038,2.677
2014-05-09,0.052,1.104,1.038,0.869
2014-05-10,6.395,2.414,1.931,0.760
2014-05-11,0.000,3.843,2.253,1.221
2014-05-12,0.314,3.973,2.016,1.144
2014-05-13,0.000,6.948,1.753,2.311
2014-05-14,0.000,3.570,1.517,3.026
2014-05-15,0.000,4.752,1.224,3.279
2014-05-16,0.227,8.708,1.158,2.928
2014-05-17,0.000,11.150,1.113,3.535
2014-05-18,0.000,12.790,1.055,4.413
2014-05-19,0.000,16.289,1.002,3.893
2014-05-20,0.000,12.109,1.148,1.111
2014-05-21,0.000,15.502,1.064,3.140
2014-05-22,0.000,15.378,0.965,3.291
2014-05-23,0.000,16.934,0.891,4.839
2014-05-24,0.000,16.659,0.839,3.819
2014-05-25,0.000,6.412,3.315,0.687
2014-05-26,3.681,3.666,4.647,0.888
2014-05-27,0.000,5.483,3.105,2.673
2014-05-28,0.000,7.283,1.790,3.095
2014-05-29,0.000,10.241,1.240,4.266
2014-05-30,0.000,8.945,1.016,1.577
2014-05-31,0.000,8.917,1.370,1.264
2014-06-01,0.000,9.789,1.335,3.351
2014-06-02,0.000,11.925,0.948,4.347
2014-06-03,0.000,14.445,0.745,5.089
2014-06-04,0.000,13.748,0.637,1.912
2014-06-05,0.000,17.502,0.595,3.940
2014-06-06,0.000,18.057,0.681,5.009
2014-06-07,0.000,16.663,0.523,3.548
2014-06-08,0.000,14.764,1.232,2.519
2014-06-09,0.000,12.431,1.337,1.531
2014-06-10,0.000,12.060,0.963,2.124
2014-06-11,0.000,11.410,0.773,2.468
2014-06-12,0.000,13.534,0.990,4.073
2014-06-13,0.000,9.222,0.705,2.873
2014-06-14,0.000,10.098,0.536,4.751
2014-06-15,0.000,11.076,0.428,4.515
2014-06-16,0.000,6.691,0.355,3.121
2014-06-17,0.000,4.521,0.340,1.687
2014-06-18,0.000,10.661,0.329,3.826
2014-06-19,3.571,6.130,0.341,1.958
2014-06-20,0.217,4.414,0.842,1.672
2014-06-21,0.000,4.961,0.807,2.244
2014-06-22,0.000,7.314,0.693,2.564
2014-06-23,0.000,9.506,0.540,3.150
2014-06-24,0.000,9.809,0.436,2.821
2014-06-25,0.000,8.587,0.348,3.439
2014-06-26,0.000,8.225,0.292,2.216
2014-06-27,0.291,8.291,0.251,3.295
2014-06-28,0.281,10.441,0.211,4.395
2014-06-29,0.000,12.167,0.182,4.285
2014-06-30,0.000,12.737,0.160,3.549
2014-07-01,0.409,15.193,0.141,4.448
2014-07-02,3.725,12.242,0.130,2.930
2014-07-03,3.528,11.267,0.244,2.108
2014-07-04,0.087,13.934,0.185,3.960
2014-07-05,0.000,16.246,0.136,5.075
2014-07-06,0.000,17.974,0.114,5.338
2014-07-07,0.000,20.563,0.096,6.079
2014-07-08,0.000,22.334,0.082,5.464
2014-07-09,0.000,23.611,0.071,6.109
2014-07-10,0.000,17.458,0.064,4.405
2014-07-11,0.000,18.032,0.059,4.913
2014-07-12,0.000,17.194,0.053,5.431
2014-07-13,0.000,18.565,0.047,4.969
2014-07-14,3.320,18.463,0.053,2.937
2014-07-15,3.110,15.095,0.072,2.064
2014-07-16,17.590,14.696,0.244,1.157
2014-07-17,0.000,16.555,0.700,3.063
2014-07-18,18.110,16.449,2.708,3.205
2014-07-19,0.000,18.668,2.811,3.768
2014-07-20,0.000,20.080,1.332,4.340
2014-07-21,0.000,21.287,0.749,5.406
2014-07-22,0.000,23.378,0.463,5.110
2014-07-23,0.000,24.356,0.306,6.778
2014-07-24,0.000,23.067,0.207,5.795
2014-07-25,0.000,24.020,0.155,5.072
2014-07-26,0.000,24.216,0.121,5.726
2014-07-27,0.000,22.545,0.098,5.018
2014-07-28,0.210,19.447,0.090,2.866
2014-07-29,0.220,18.278,0.077,4.496
2014-07-30,0.760,17.041,0.071,2.782
2014-07-31,6.560,18.813,0.113,3.541
2014-08-01,9.930,15.336,0.148,3.260
2014-08-02,0.000,15.397,0.219,3.454
2014-08-03,0.000,18.418,0.130,3.555
2014-08-04,0.000,21.657,0.093,4.240
2014-08-05,0.000,22.504,0.072,4.757
2014-08-06,0.000,21.995,0.058,4.564
2014-08-07,1.480,19.627,0.054,3.349
2014-08-08,7.260,17.486,0.080,2.575
2014-08-09,0.000,16.116,0.116,2.863
2014-08-10,1.220,13.696,0.088,1.730
2014-08-11,0.270,16.430,0.076,2.711
2014-08-12,4.750,15.410,0.111,2.421
2014-08-13,0.000,14.605,0.080,3.275
2014-08-14,0.000,14.040,0.062,3.087
2014-08-15,0.000,12.721,0.054,2.898
2014-08-16,0.080,10.688,0.046,2.710
2014-08-17,0.050,10.559,0.044,2.521
2014-08-18,27.990,10.888,1.118,2.333
2014-08-19,16.590,10.564,3.916,2.144
2014-08-20,0.100,11.039,2.868,1.956
2014-08-21,6.630,10.443,2.048,1.767
2014-08-22,5.310,9.834,2.119,1.579
2014-08-23,0.020,9.820,1.647,1.391
2014-08-24,14.880,9.473,2.274,0.719
2014-08-25,2.220,10.152,3.420,1.089
2014-08-26,0.000,11.211,1.997,1.599
2014-08-27,0.000,11.449,1.221,1.924
2014-08-28,0.960,9.965,0.907,0.918
2014-08-29,0.170,10.433,0.753,1.704
2014-08-30,0.000,10.086,0.612,1.551
2014-08-31,0.000,8.755,0.512,1.668
2014-09-01,0.000,9.849,0.436,1.954
2014-09-02,0.000,12.199,0.368,2.075
2014-09-03,0.000,13.253,0.314,2.069
2014-09-04,0.000,13.926,0.269,2.136
2014-09-05,0.000,13.965,0.230,2.309
2014-09-06,0.080,13.575,0.201,2.111
2014-09-07,0.000,10.454,0.193,1.092
2014-09-08,0.000,11.142,0.197,0.923
2014-09-09,0.000,13.304,0.192,1.151
2014-09-10,0.000,12.551,0.175,1.764
2014-09-11,0.000,12.088,0.150,1.757
2014-09-12,0.580,11.298,0.136,1.752
2014-09-13,0.000,11.703,0.124,2.118
2014-09-14,0.000,12.159,0.114,2.118
2014-09-15,0.000,9.685,0.105,1.819
2014-09-16,0.000,10.193,0.105,1.184
2014-09-17,0.000,11.102,0.110,0.862
2014-09-18,0.000,9.644,0.115,0.717
2014-09-19,0.000,10.452,0.118,0.930
2014-09-20,0.000,9.701,0.112,0.849
2014-09-21,0.370,7.740,0.108,0.865
2014-09-22,0.000,1.679,0.101,1.076
2014-09-23,0.000,0.608,0.098,1.283
2014-09-24,0.000,0.541,0.097,1.045
2014-09-25,0.090,1.430,0.097,0.991
2014-09-26,5.430,6.074,0.135,0.615
2014-09-27,0.000,7.021,0.187,1.577
2014-09-28,1.010,6.966,0.141,1.029
2014-09-29,0.000,7.058,0.125,1.736
2014-09-30,0.000,5.021,0.105,1.053
2014-10-01,0.060,4.439,0.105,0.469
2014-10-02,0.400,7.561,0.109,0.918
2014-10-03,0.000,6.923,0.104,0.693
2014-10-04,0.100,8.010,0.111,0.272
2014-10-05,0.210,8.266,0.119,0.282
2014-10-06,0.260,4.899,0.122,0.361
2014-10-07,0.000,2.789,0.121,0.635
2014-10-08,17.200,3.560,0.200,0.271
2014-10-09,4.290,2.392,1.355,0.218
2014-10-10,9.870,2.643,3.237,0.213
2014-10-11,0.150,0.113,1.990,0.120
2014-10-12,0.000,-0.532,1.227,0.172
2014-10-13,0.000,0.783,0.889,0.244
2014-10-14,0.990,0.170,0.737,0.108
2014-10-15,0.070,-1.385,0.621,0.119
2014-10-16,0.000,-2.376,0.536,0.371
2014-10-17,0.060,-2.208,0.463,0.062
2014-10-18,0.000,-2.783,0.400,0.185
2014-10-19,5.430,-0.892,0.627,0.150
2014-10-20,0.000,-1.279,0.685,0.131
2014-10-21,0.200,-2.314,0.584,0.368
2014-10-22,0.330,-4.321,0.506,0.366
2014-10-23,7.400,-2.577,0.451,0.383
2014-10-24,5.390,2.820,1.407,0.171
2014-10-25,9.900,6.296,5.285,0.230
2014-10-26,0.120,5.874,3.804,0.311
2014-10-27,0.290,5.544,2.170,0.382
2014-10-28,0.000,5.526,1.495,0.078
2014-10-29,0.630,3.663,1.220,0.260
2014-10-30,0.000,2.434,0.984,0.306
2014-10-31,0.000,-0.358,0.819,0.000
2014-11-01,9.970,-1.952,0.705,0.096
2014-11-02,0.210,2.468,1.415,0.049
2014-11-03,1.160,5.846,2.261,0.140
2014-11-04,0.760,-0.340,1.948,0.504
2014-11-05,0.050,-5.351,1.354,0.117
2014-11-06,0.490,-5.693,0.986,0.000
2014-11-07,0.000,-5.182,0.823,0.000
2014-11-08,0.000,-2.996,0.741,0.165
2014-11-09,0.000,0.566,0.694,0.086
2014-11-10,0.000,3.639,0.689,0.250
2014-11-11,1.980,2.547,0.833,0.055
2014-11-12,0.060,-4.353,0.779,0.000
2014-11-13,0.180,-5.089,0.672,0.147
2014-11-14,0.000,-3.725,0.615,0.190
2014-11-15,0.000,-2.169,0.583,0.130
2014-11-16,0.000,-0.488,0.559,0.218
2014-11-17,0.000,0.084,0.542,0.324
2014-11-18,0.000,-0.740,0.520,0.288
2014-11-19,0.000,-1.650,0.503,0.034
2014-11-20,0.000,-1.426,0.481,0.346
2014-11-21,0.000,-3.757,0.460,0.000
2014-11-22,0.000,-4.233,0.423,0.017
2014-11-23,0.000,-3.770,0.394,0.149
2014-11-24,4.960,1.059,0.570,0.131
2014-11-25,1.030,0.037,1.362,0.113
2014-11-26,0.090,0.067,1.058,0.000
2014-11-27,0.000,-4.237,0.832,0.000
2014-11-28,0.000,-4.486,0.700,0.038
2014-11-29,0.000,-5.897,0.595,0.000
2014-11-30,0.000,-3.643,0.523,0.153
2014-12-01,0.000,-3.174,0.480,0.000
2014-12-02,0.480,-2.655,0.464,0.218
2014-12-03,0.170,0.314,0.446,0.303
2014-12-04,0.000,2.826,0.421,0.186
2014-12-05,0.750,0.794,0.411,0.161
2014-12-06,0.890,-2.336,0.407,0.000
2014-12-07,0.270,-3.384,0.388,0.055
2014-12-08,0.000,-1.447,0.371,0.000
2014-12-09,0.050,-6.111,0.338,0.000
2014-12-10,8.090,-0.979,0.341,0.136
2014-12-11,4.970,-0.683,0.350,0.100
2014-12-12,2.610,-0.861,0.356,0.068
2014-12-13,2.880,-2.028,0.366,0.042
2014-12-14,0.050,-5.376,0.356,0.000
2014-12-15,7.080,-0.041,1.093,0.197
2014-12-16,0.120,-2.764,1.065,0.136
2014-12-17,0.090,-6.097,0.730,0.000
2014-12-18,1.810,-5.646,0.618,0.169
2014-12-19,3.030,-2.210,0.584,0.114
2014-12-20,0.230,-7.356,0.555,0.000
2014-12-21,0.080,-8.838,0.499,0.000
2014-12-22,0.630,-9.427,0.458,0.125
2014-12-23,0.970,-7.462,0.440,0.182
2014-12-24,0.060,-13.836,0.393,0.000
2014-12-25,0.380,-12.425,0.318,0.000
2014-12-26,0.000,-8.446,0.313,0.000
2014-12-27,0.000,-9.719,0.297,0.012
2014-12-28,0.060,-12.069,0.245,0.000
2014-12-29,2.410,-12.456,0.212,0.038
2014-12-30,4.620,-0.222,0.255,0.122
2014-12-31,0.000,3.746,0.355,0.261
2015-01-01,0.110,3.490,0.468,0.176
2015-01-02,9.130,-0.476,0.520,0.225
2015-01-03,2.020,-2.177,0.519,0.361
2015-01-04,0.120,-6.035,0.471,0.136
2015-01-05,4.650,-10.224,0.424,0.161
2015-01-06,3.250,-5.730,0.407,0.202
2015-01-07,1.750,-2.041,0.414,0.116
2015-01-08,7.190,-2.708,0.420,0.205
2015-01-09,0.590,-5.511,0.425,0.000
2015-01-10,1.430,-10.775,0.410,0.250
2015-01-11,1.540,-14.557,0.398,0.252
2015-01-12,1.000,-18.755,0.369,0.155
2015-01-13,1.450,-14.116,0.349,0.205
2015-01-14,2.130,-9.831,0.333,0.111
2015-01-15,1.490,-10.897,0.315,0.100
2015-01-16,4.660,-1.136,0.319,0.155
2015-01-17,1.080,-1.324,0.321,0.164
2015-01-18,0.000,-7.424,0.313,0.189
2015-01-19,0.210,-10.056,0.303,0.189
2015-01-20,0.280,-10.565,0.295,0.181
2015-01-21,0.120,-8.018,0.283,0.197
2015-01-22,0.320,-12.475,0.273,0.161
2015-01-23,1.350,-13.048,0.264,0.182
2015-01-24,2.540,-7.602,0.258,0.240
2015-01-25,0.450,-5.964,0.250,0.000
2015-01-26,6.620,-4.537,0.249,0.205
2015-01-27,0.000,-4.384,0.250,0.000
2015-01-28,4.050,-3.902,0.256,0.149
2015-01-29,13.460,-1.430,0.267,0.152
2015-01-30,9.870,-2.006,0.288,0.160
2015-01-31,5.500,-5.270,0.303,0.217
2015-02-01,5.540,-7.508,0.313,0.292
2015-02-02,1.520,-11.541,0.311,0.280
2015-02-03,1.930,-13.262,0.304,0.262
2015-02-04,1.490,-11.493,0.297,0.241
2015-02-05,0.890,-9.136,0.295,0.137
2015-02-06,0.140,0.118,0.297,0.000
2015-02-07,0.000,-0.889,0.353,0.617
2015-02-08,2.810,-6.544,0.331,0.627
2015-02-09,0.010,0.289,0.310,0.012
2015-02-10,0.000,4.986,0.317,0.849
2015-02-11,0.000,4.649,0.476,1.006
2015-02-12,0.000,0.907,0.539,0.752
2015-02-13,0.000,-4.501,0.471,0.231
2015-02-14,0.950,-6.066,0.431,0.307
2015-02-15,0.360,-8.551,0.390,0.271
2015-02-16,0.000,-5.348,0.373,0.387
2015-02-17,0.000,-3.414,0.357,0.530
2015-02-18,1.370,-2.115,0.342,0.406
2015-02-19,0.000,3.406,0.332,0.342
2015-02-20,0.000,1.616,0.324,0.399
2015-02-21,0.070,-2.307,0.317,0.000
2015-02-22,0.000,-4.113,0.311,0.040
2015-02-23,3.950,-3.797,0.301,0.207
2015-02-24,1.460,-1.308,0.298,0.153
2015-02-25,0.260,-0.702,0.285,0.202
2015-02-26,0.070,-0.879,0.279,0.143
2015-02-27,2.270,-1.455,0.278,0.172
2015-02-28,0.400,-1.477,0.279,0.173
2015-03-01,0.220,-1.034,0.281,0.360
2015-03-02,4.250,-0.597,0.287,0.150
2015-03-03,0.000,-0.910,0.319,0.175
2015-03-04,0.000,-2.152,0.311,0.187
2015-03-05,0.120,-4.802,0.296,0.175
2015-03-06,0.790,0.307,0.296,0.468
2015-03-07,0.430,0.245,0.297,0.517
2015-03-08,0.000,3.068,0.295,0.863
2015-03-09,0.000,0.835,0.294,1.105
2015-03-10,1.690,-0.719,0.298,0.440
2015-03-11,0.040,-0.529,0.291,0.963
2015-03-12,0.080,0.865,0.288,1.255
2015-03-13,0.000,-0.354,0.283,0.827
2015-03-14,0.000,2.344,0.277,0.934
2015-03-15,0.000,2.811,0.269,1.085
2015-03-16,0.000,1.604,0.264,1.583
2015-03-17,0.000,1.396,0.251,0.937
2015-03-18,0.000,0.916,0.253,0.767
2015-03-19,0.000,2.022,0.256,1.275
2015-03-20,0.190,-3.290,0.254,0.949
2015-03-21,0.290,-6.625,0.250,0.950
2015-03-22,0.700,-4.058,0.250,0.776
2015-03-23,5.670,0.424,0.266,0.342
2015-03-24,0.480,-3.459,0.304,0.781
2015-03-25,0.280,-5.305,0.281,1.044
2015-03-26,0.000,-4.138,0.272,1.129
2015-03-27,2.990,-2.072,0.266,0.914
2015-03-28,2.530,-0.474,0.262,0.581
2015-03-29,6.100,-1.668,0.261,0.216
2015-03-30,9.050,-0.736,0.287,0.272
2015-03-31,10.470,-1.436,0.353,0.346
2015-04-01,0.120,-0.815,0.322,0.984
2015-04-02,0.070,1.368,0.314,1.221
2015-04-03,0.210,0.202,0.304,1.160
2015-04-04,0.140,-0.589,0.295,1.092
2015-04-05,0.500,0.769,0.293,0.913
2015-04-06,1.030,1.828,0.292,0.862
2015-04-07,0.170,5.178,0.371,1.822
2015-04-08,0.000,2.581,0.629,2.145
2015-04-09,0.000,3.822,0.804,2.412
2015-04-10,0.570,2.395,1.218,1.717
2015-04-11,0.000,2.345,1.456,1.705
2015-04-12,3.150,0.611,1.608,0.475
2015-04-13,8.090,0.187,3.498,0.553
2015-04-14,3.330,-0.901,3.094,0.684
2015-04-15,0.730,-0.173,2.226,0.859
2015-04-16,2.870,-0.231,2.010,0.567
2015-04-17,0.070,2.607,2.081,1.622
2015-04-18,0.070,3.036,2.392,1.528
2015-04-19,0.000,5.884,3.839,2.766
2015-04-20,0.000,5.177,5.788,2.311
2015-04-21,0.000,6.792,6.389,2.562
2015-04-22,2.330,3.947,6.711,2.211
2015-04-23,1.090,1.721,6.736,1.509
2015-04-24,0.510,0.807,5.321,1.365
2015-04-25,0.130,0.156,4.194,1.258
2015-04-26,3.280,0.426,3.661,0.725
2015-04-27,0.000,1.917,4.597,1.511
2015-04-28,0.170,3.969,4.904,2.364
2015-04-29,0.000,1.759,4.431,1.823
2015-04-30,0.050,1.791,3.810,2.040
2015-05-01,1.890,3.215,4.367,1.033
2015-05-02,0.150,3.935,4.841,1.494
2015-05-03,0.100,2.852,4.495,2.269
2015-05-04,0.000,3.474,3.920,2.214
2015-05-05,0.330,4.348,3.663,1.285
2015-05-06,5.970,7.049,4.757,1.112
2015-05-07,0.000,8.740,6.602,2.387
2015-05-08,0.060,5.084,4.606,1.071
2015-05-09,0.390,5.036,3.532,1.743
2015-05-10,0.160,5.131,2.735,1.958
2015-05-11,0.420,5.447,2.300,2.233
2015-05-12,0.760,7.722,2.209,1.872
2015-05-13,1.450,6.395,2.030,1.313
2015-05-14,2.470,3.768,1.814,2.109
2015-05-15,3.880,2.274,2.524,1.347
2015-05-16,0.020,3.226,2.148,2.041
2015-05-17,0.050,2.631,1.676,1.580
2015-05-18,0.430,4.610,1.476,1.675
2015-05-19,3.300,4.693,1.549,1.884
2015-05-20,2.280,3.732,1.548,0.877
2015-05-21,0.110,6.368,1.464,2.065
2015-05-22,0.800,7.970,1.241,2.684
2015-05-23,12.110,4.802,2.700,1.574
2015-05-24,0.120,7.134,2.144,3.355
2015-05-25,1.080,5.390,1.555,1.152
2015-05-26,8.390,6.645,1.669,0.985
2015-05-27,10.540,6.034,4.121,0.855
2015-05-28,0.070,7.901,2.780,2.760
2015-05-29,1.820,6.413,1.865,1.617
2015-05-30,0.000,8.949,1.504,3.306
2015-05-31,4.670,6.770,1.326,1.616
2015-06-01,6.050,6.179,1.752,0.875
2015-06-02,0.060,7.734,1.691,3.351
2015-06-03,5.810,6.201,1.625,1.656
2015-06-04,0.000,7.442,1.422,3.055
2015-06-05,0.000,8.276,1.065,3.553
2015-06-06,8.560,6.549,1.031,1.302
2015-06-07,3.350,6.575,1.801,1.606
2015-06-08,0.210,7.070,1.431,3.007
2015-06-09,0.000,7.460,1.046,3.066
2015-06-10,0.210,9.051,0.870,3.216
2015-06-11,0.170,8.207,0.726,3.775
2015-06-12,0.000,10.120,0.624,3.634
2015-06-13,2.480,9.019,0.616,3.489
2015-06-14,0.510,7.670,0.537,2.773
2015-06-15,0.950,7.010,0.520,2.932
2015-06-16,0.000,7.438,0.441,3.584
2015-06-17,0.000,7.594,0.385,2.849
2015-06-18,0.080,9.039,0.353,3.210
2015-06-19,0.000,12.197,0.316,3.946
2015-06-20,0.000,13.326,0.281,4.048
2015-06-21,0.000,14.017,0.248,5.303
2015-06-22,1.270,12.420,0.234,2.596
2015-06-23,0.120,12.062,0.244,3.373
2015-06-24,9.490,11.259,0.324,2.046
2015-06-25,2.670,9.880,0.565,1.191
2015-06-26,12.660,10.103,0.628,1.158
2015-06-27,1.780,11.147,1.671,2.856
2015-06-28,0.110,14.366,1.055,5.003
2015-06-29,0.000,15.270,0.704,4.111
2015-06-30,6.850,11.360,0.743,2.614
2015-07-01,0.000,14.515,0.589,4.407
2015-07-02,0.000,18.854,0.443,4.508
2015-07-03,5.490,19.736,0.416,4.000
2015-07-04,0.160,15.522,0.448,3.827
2015-07-05,0.140,10.533,0.339,2.282
2015-07-06,2.540,10.728,0.280,3.631
2015-07-07,13.560,10.511,0.776,0.681
2015-07-08,0.130,12.343,1.111,3.045
2015-07-09,11.000,10.771,1.079,0.862
2015-07-10,2.020,12.102,1.856,2.265
2015-07-11,9.280,12.295,1.683,2.054
2015-07-12,0.160,11.361,1.524,2.543
2015-07-13,0.000,13.351,0.973,3.749
2015-07-14,0.000,12.283,0.665,3.453
2015-07-15,14.708,10.491,1.270,1.058
2015-07-16,0.503,12.610,0.989,2.041
2015-07-17,0.060,12.973,0.703,4.154
2015-07-18,5.604,10.970,0.578,2.162
2015-07-19,0.000,13.019,0.627,3.447
2015-07-20,0.071,12.259,0.460,4.356
2015-07-21,0.000,12.252,0.360,3.720
2015-07-22,10.956,11.696,0.422,2.062
2015-07-23,3.896,12.356,0.623,2.242
2015-07-24,2.364,12.454,0.557,2.247
2015-07-25,0.000,12.120,0.477,3.380
2015-07-26,16.316,11.940,0.677,1.364
2015-07-27,11.371,11.887,3.280,0.939
2015-07-28,0.113,13.417,2.288,2.931
2015-07-29,2.889,13.540,1.348,2.636
2015-07-30,28.261,11.577,3.869,1.131
2015-07-31,2.340,12.902,3.595,2.227
2015-08-01,0.514,11.434,2.325,1.676
2015-08-02,1.555,11.986,1.598,2.324
2015-08-03,0.000,12.405,1.197,2.356
2015-08-04,0.055,14.031,0.879,3.339
2015-08-05,0.788,13.297,0.701,1.966
2015-08-06,3.380,14.557,0.671,1.402
2015-08-07,0.200,16.224,0.678,3.052
2015-08-08,0.000,15.383,0.533,3.107
2015-08-09,0.000,12.942,0.433,2.363
2015-08-10,0.130,14.300,0.390,2.507
2015-08-11,0.970,13.331,0.375,1.412
2015-08-12,0.150,13.442,0.354,3.084
2015-08-13,0.000,11.431,0.272,3.228
2015-08-14,0.000,13.418,0.232,2.715
2015-08-15,0.000,13.306,0.209,2.373
2015-08-16,0.000,13.391,0.191,2.954
2015-08-17,0.010,15.648,0.168,3.655
2015-08-18,0.000,16.403,0.146,3.883
2015-08-19,0.000,15.714,0.131,3.730
2015-08-20,0.000,16.264,0.121,3.601
2015-08-21,0.000,15.938,0.114,3.282
2015-08-22,0.000,17.086,0.106,3.448
2015-08-23,0.000,16.341,0.099,2.805
2015-08-24,0.000,17.202,0.093,3.113
2015-08-25,0.000,17.616,0.085,3.282
2015-08-26,1.180,15.311,0.080,2.031
2015-08-27,2.220,13.916,0.094,1.196
2015-08-28,10.100,13.144,0.344,1.539
2015-08-29,0.090,12.261,0.204,2.356
2015-08-30,0.000,12.518,0.140,2.236
2015-08-31,0.000,12.545,0.116,2.192
2015-09-01,0.000,10.679,0.103,2.095
2015-09-02,0.000,8.416,0.097,1.843
2015-09-03,0.000,8.886,0.092,1.865
2015-09-04,0.000,9.381,0.089,1.283
2015-09-05,2.950,9.959,0.099,0.860
2015-09-06,0.110,8.733,0.100,1.544
2015-09-07,0.090,7.045,0.085,1.646
2015-09-08,0.050,8.674,0.075,2.132
2015-09-09,0.000,10.110,0.072,1.740
2015-09-10,0.000,11.646,0.069,1.918
2015-09-11,0.010,12.765,0.068,1.781
2015-09-12,0.000,10.673,0.070,1.087
2015-09-13,0.000,9.973,0.074,0.633
2015-09-14,0.000,10.848,0.073,1.134
2015-09-15,0.000,11.396,0.069,1.381
2015-09-16,6.540,10.510,0.088,0.542
2015-09-17,19.350,10.924,0.391,0.435
2015-09-18,33.990,12.443,4.537,0.406
2015-09-19,0.100,10.395,3.989,0.987
2015-09-20,0.270,8.375,1.948,0.753
2015-09-21,0.540,9.020,1.306,0.647
2015-09-22,0.280,9.553,0.984,0.820
2015-09-23,7.850,8.772,1.103,0.346
2015-09-24,2.300,9.908,1.333,0.463
2015-09-25,4.250,9.310,1.498,0.541
2015-09-26,0.120,7.435,1.355,0.841
2015-09-27,0.000,8.454,0.987,1.221
2015-09-28,0.000,7.948,0.764,1.115
2015-09-29,0.000,7.110,0.655,0.587
2015-09-30,0.000,8.955,0.571,1.392
2015-10-01,2.770,7.596,0.505,1.056
2015-10-02,0.090,7.773,0.527,1.241
2015-10-03,0.000,4.755,0.446,0.972
2015-10-04,0.000,5.892,0.405,1.001
2015-10-05,0.000,1.761,0.357,0.794
2015-10-06,0.120,1.052,0.324,0.580
2015-10-07,0.000,2.566,0.310,0.553
2015-10-08,0.000,2.493,0.302,0.640
2015-10-09,0.000,1.439,0.289,0.490
2015-10-10,0.000,1.556,0.277,0.263
2015-10-11,0.000,5.063,0.273,0.279
2015-10-12,0.000,6.252,0.266,0.054
2015-10-13,0.000,4.029,0.257,0.114
2015-10-14,0.000,5.510,0.248,0.303
2015-10-15,0.000,5.769,0.242,0.580
2015-10-16,0.000,7.241,0.234,0.638
2015-10-17,0.150,7.890,0.230,0.791
2015-10-18,0.000,6.788,0.222,0.525
2015-10-19,0.000,3.733,0.214,0.000
2015-10-20,0.000,0.602,0.208,0.000
2015-10-21,2.380,2.824,0.223,0.153
2015-10-22,1.950,4.784,0.272,0.151
2015-10-23,0.000,5.519,0.309,0.216
2015-10-24,0.000,2.976,0.275,0.184
2015-10-25,1.310,5.198,0.289,0.264
2015-10-26,0.000,2.233,0.285,0.205
2015-10-27,0.000,-0.806,0.267,0.440
2015-10-28,0.130,-3.366,0.242,0.000
2015-10-29,0.000,-1.971,0.230,0.000
2015-10-30,0.000,-1.023,0.218,0.054
2015-10-31,0.120,2.778,0.221,0.060
2015-11-01,0.100,6.615,0.236,0.471
2015-11-02,0.000,9.012,0.236,1.205
2015-11-03,0.000,7.269,0.230,0.350
2015-11-04,0.000,5.624,0.226,0.334
2015-11-05,0.000,1.263,0.213,0.000
2015-11-06,0.910,2.068,0.216,0.177
2015-11-07,5.460,3.329,0.268,0.231
2015-11-08,0.000,1.481,0.458,0.046
2015-11-09,5.300,2.207,0.527,0.238
2015-11-10,0.050,-1.014,0.879,0.000
2015-11-11,0.430,-0.975,0.701,0.000
2015-11-12,0.070,-3.444,0.547,0.000
2015-11-13,5.670,-1.586,0.496,0.183
2015-11-14,0.090,-1.156,1.085,0.000
2015-11-15,0.270,-1.711,0.771,0.084
2015-11-16,0.230,-2.704,0.625,0.028
2015-11-17,6.000,0.049,0.788,0.132
2015-11-18,4.320,-1.390,1.029,0.108
2015-11-19,0.000,-2.997,0.840,0.100
2015-11-20,0.730,-3.523,0.706,0.083
2015-11-21,4.270,-5.946,0.603,0.246
2015-11-22,0.000,-8.139,0.537,0.089
2015-11-23,0.340,-10.054,0.445,0.000
2015-11-24,0.050,-3.506,0.404,0.127
2015-11-25,1.540,-0.549,0.412,0.175
2015-11-26,0.000,-1.802,0.412,0.000
2015-11-27,0.000,1.411,0.394,0.131
2015-11-28,7.030,1.149,0.418,0.194
2015-11-29,4.290,-0.747,0.513,0.068
2015-11-30,2.080,-1.604,0.973,0.024
2015-12-01,0.000,-4.270,0.746,0.000
2015-12-02,2.610,-3.264,0.586,0.000
2015-12-03,1.140,-1.212,0.538,0.000
2015-12-04,6.000,-2.803,0.505,0.289
2015-12-05,1.050,-2.521,0.521,0.237
2015-12-06,0.000,-0.453,0.557,0.000
2015-12-07,0.000,0.280,0.477,0.327
2015-12-08,0.000,-1.915,0.429,0.051
2015-12-09,1.050,0.869,0.427,0.102
2015-12-10,7.750,-0.614,0.428,0.000
2015-12-11,1.200,-2.184,0.445,0.000
2015-12-12,0.250,-4.902,0.420,0.091
2015-12-13,0.170,-9.093,0.367,0.000
2015-12-14,0.200,-8.776,0.307,0.000
2015-12-15,0.000,-6.508,0.283,0.037
2015-12-16,0.170,-3.433,0.282,0.108
2015-12-17,2.290,-2.900,0.283,0.078
2015-12-18,9.570,-1.895,0.299,0.157
2015-12-19,0.360,0.217,0.337,0.000
2015-12-20,0.660,1.651,0.361,0.000
2015-12-21,1.550,1.280,0.485,0.000
2015-12-22,0.000,0.512,0.479,0.066
2015-12-23,3.830,-1.753,0.448,0.000
2015-12-24,0.150,-2.226,0.412,0.000
2015-12-25,3.830,0.634,0.785,0.121
2015-12-26,0.360,-6.187,0.906,0.346
2015-12-27,0.130,-7.306,0.708,0.003
2015-12-28,0.060,-7.276,0.564,0.000
2015-12-29,0.000,-5.242,0.481,0.000
2015-12-30,0.000,-3.303,0.441,0.367
2015-12-31,0.000,-0.577,0.411,0.303
2016-01-01,1.520,-2.923,0.389,0.317
2016-01-02,0.370,-6.741,0.369,0.197
2016-01-03,0.820,-8.706,0.354,0.125
2016-01-04,1.340,-14.606,0.328,0.174
2016-01-05,0.190,-17.279,0.295,0.095
2016-01-06,0.300,-22.560,0.247,0.111
2016-01-07,0.650,-26.879,0.202,0.040
2016-01-08,0.250,-26.205,0.161,0.000
2016-01-09,0.000,-17.296,0.160,0.000
2016-01-10,0.000,-14.770,0.139,0.000
2016-01-11,0.000,-10.787,0.150,0.250
2016-01-12,0.680,-11.113,0.159,0.201
2016-01-13,0.300,-17.333,0.147,0.188
2016-01-14,0.070,-16.117,0.137,0.094
2016-01-15,0.070,-12.992,0.127,0.191
2016-01-16,0.100,-9.357,0.130,0.194
2016-01-17,0.380,-12.307,0.139,0.117
2016-01-18,0.120,-17.913,0.128,0.083
2016-01-19,0.090,-16.904,0.108,0.000
2016-01-20,0.170,-18.908,0.105,0.000
2016-01-21,0.340,-20.414,0.105,0.000
2016-01-22,0.000,-10.396,0.105,0.000
2016-01-23,0.000,-9.169,0.097,0.137
2016-01-24,0.000,-7.299,0.106,0.006
2016-01-25,0.000,-9.169,0.107,0.000
2016-01-26,8.880,-2.312,0.101,0.062
2016-01-27,0.860,-1.531,0.123,0.105
2016-01-28,0.060,-4.647,0.122,0.116
2016-01-29,8.960,-4.385,0.118,0.000
2016-01-30,2.670,-1.183,0.125,0.000
2016-01-31,0.000,-3.490,0.129,0.000
2016-02-01,0.000,-5.917,0.131,0.000
2016-02-02,1.810,-6.477,0.136,0.045
2016-02-03,0.160,-10.789,0.137,0.000
2016-02-04,0.260,-6.322,0.134,0.000
2016-02-05,0.470,-9.312,0.130,0.000
2016-02-06,8.320,-4.692,0.128,0.222
2016-02-07,4.540,-1.503,0.133,0.194
2016-02-08,0.700,-0.127,0.171,0.124
2016-02-09,2.480,-0.553,0.192,0.110
2016-02-10,2.960,-0.604,0.201,0.126
2016-02-11,7.710,-2.312,0.196,0.115
2016-02-12,11.660,-5.002,0.199,0.169
2016-02-13,4.340,-4.452,0.207,0.134
2016-02-14,0.610,-4.528,0.209,0.094
2016-02-15,0.100,-8.213,0.206,0.000
2016-02-16,0.070,-6.329,0.201,0.000
2016-02-17,0.060,-4.884,0.198,0.090
2016-02-18,0.980,-4.738,0.191,0.160
2016-02-19,0.300,-5.499,0.188,0.113
2016-02-20,0.810,-4.146,0.186,0.190
2016-02-21,10.510,-2.148,0.189,0.124
2016-02-22,2.470,-3.326,0.189,0.120
2016-02-23,0.350,-6.029,0.189,0.043
2016-02-24,1.000,-2.613,0.188,0.000
2016-02-25,0.100,-10.191,0.184,0.061
2016-02-26,0.000,-12.818,0.181,0.112
2016-02-27,0.810,-10.486,0.177,0.108
2016-02-28,0.300,-8.047,0.170,0.013
2016-02-29,0.000,-3.970,0.165,0.037
2016-03-01,0.000,-5.185,0.161,0.048
2016-03-02,0.000,-5.918,0.159,0.210
2016-03-03,0.000,-7.365,0.155,0.176
2016-03-04,0.000,-5.498,0.150,0.239
2016-03-05,0.640,-3.792,0.148,0.216
2016-03-06,0.170,-3.064,0.147,0.220
2016-03-07,5.510,-2.615,0.147,0.239
2016-03-08,0.470,-1.403,0.148,0.194
2016-03-09,1.370,-1.473,0.148,0.232
2016-03-10,0.000,-1.613,0.147,0.175
2016-03-11,0.060,0.225,0.147,0.345
2016-03-12,0.000,0.189,0.149,0.488
2016-03-13,0.000,-2.330,0.150,0.390
2016-03-14,0.200,1.499,0.150,0.530
2016-03-15,0.060,6.507,0.170,1.165
2016-03-16,0.000,4.831,0.295,1.336
2016-03-17,0.620,1.301,0.401,0.976
2016-03-18,0.090,-4.817,0.430,1.166
2016-03-19,0.100,-3.784,0.407,1.062
2016-03-20,0.830,-4.972,0.369,0.544
2016-03-21,0.250,-5.782,0.331,0.499
2016-03-22,1.560,-6.732,0.298,0.534
2016-03-23,1.210,-4.329,0.275,0.432
2016-03-24,0.840,-3.402,0.257,0.706
2016-03-25,1.560,-1.110,0.244,0.541
2016-03-26,0.090,0.707,0.230,0.904
2016-03-27,0.000,1.651,0.226,0.929
2016-03-28,0.000,2.228,0.228,1.053
2016-03-29,0.650,1.667,0.250,0.863
2016-03-30,0.000,-0.079,0.336,0.419
2016-03-31,0.000,1.709,0.396,1.329
2016-04-01,0.000,0.844,0.433,1.659
2016-04-02,0.000,0.822,0.429,1.520
2016-04-03,0.100,0.912,0.409,0.735
2016-04-04,1.110,-1.083,0.401,0.323
2016-04-05,6.610,-0.389,0.395,0.333
2016-04-06,10.140,0.275,0.828,0.313
2016-04-07,0.520,0.966,1.905,0.614
2016-04-08,0.040,2.094,1.730,1.294
2016-04-09,0.000,3.097,1.696,1.641
2016-04-10,0.000,3.900,1.707,1.667
2016-04-11,0.000,4.507,1.868,2.099
2016-04-12,0.000,2.770,2.057,1.801
2016-04-13,0.300,-1.172,2.098,1.399
2016-04-14,0.280,-2.512,1.621,1.856
2016-04-15,0.000,-2.552,1.267,0.799
2016-04-16,2.020,0.562,1.102,0.409
2016-04-17,2.910,1.428,1.317,0.664
2016-04-18,0.000,1.051,1.661,1.006
2016-04-19,0.990,0.739,1.678,1.515
2016-04-20,1.330,1.298,1.749,2.061
2016-04-21,0.720,-0.087,1.627,1.143
2016-04-22,0.050,0.622,1.675,1.588
2016-04-23,0.250,0.884,1.826,1.462
2016-04-24,0.000,0.396,1.696,1.697
2016-04-25,14.530,-1.966,1.475,0.740
2016-04-26,5.590,-0.327,1.492,0.806
2016-04-27,6.610,1.236,2.562,0.405
2016-04-28,0.070,2.596,3.365,1.251
2016-04-29,10.030,4.095,8.703,1.211
2016-04-30,0.000,6.506,7.553,2.591
2016-05-01,0.000,7.493,7.269,2.783
2016-05-02,0.040,5.721,7.168,2.692
2016-05-03,0.000,7.961,7.317,2.973
2016-05-04,0.000,10.892,7.817,2.834
2016-05-05,0.000,9.166,7.763,3.698
2016-05-06,0.000,10.337,6.458,3.403
2016-05-07,0.000,12.273,5.604,3.937
2016-05-08,0.000,14.434,4.788,4.364
2016-05-09,0.000,9.914,3.891,3.723
2016-05-10,3.380,6.009,3.494,1.662
2016-05-11,0.250,5.652,2.877,2.931
2016-05-12,0.020,7.028,2.370,3.145
2016-05-13,1.440,4.916,2.145,2.565
2016-05-14,0.430,4.258,1.804,1.841
2016-05-15,0.170,6.940,1.605,3.476
2016-05-16,0.000,7.007,1.415,2.246
2016-05-17,0.040,6.162,1.301,3.049
2016-05-18,0.610,2.306,1.179,1.220
2016-05-19,4.200,3.226,1.345,0.932
2016-05-20,0.120,6.071,1.334,3.192
2016-05-21,0.020,9.223,1.195,2.076
2016-05-22,0.150,10.734,1.110,3.099
2016-05-23,5.200,10.236,1.110,1.670
2016-05-24,2.710,9.098,1.562,2.030
2016-05-25,0.020,9.489,1.283,2.443
2016-05-26,0.000,11.073,1.030,4.419
2016-05-27,0.060,10.646,0.837,4.388
2016-05-28,0.000,11.993,0.724,2.783
2016-05-29,0.000,14.496,0.649,4.294
2016-05-30,0.000,14.531,0.582,3.311
2016-05-31,0.000,18.145,0.519,4.718
2016-06-01,0.000,18.537,0.455,4.868
2016-06-02,0.000,17.509,0.403,4.368
2016-06-03,0.000,12.652,0.348,5.036
2016-06-04,0.050,7.975,0.294,3.965
2016-06-05,0.030,6.906,0.258,3.818
2016-06-06,0.000,9.737,0.235,4.140
2016-06-07,0.000,14.006,0.213,4.485
2016-06-08,0.020,6.521,0.194,3.586
2016-06-09,0.750,5.730,0.177,2.841
2016-06-10,8.230,4.142,0.408,0.969
2016-06-11,0.060,7.809,0.373,2.506
2016-06-12,0.000,10.705,0.269,3.265
2016-06-13,0.000,11.715,0.214,4.276
2016-06-14,0.000,10.547,0.174,4.109
2016-06-15,0.000,13.448,0.151,4.702
2016-06-16,3.960,13.837,0.136,3.924
2016-06-17,13.020,10.683,0.474,0.640
2016-06-18,7.370,11.535,0.898,0.824
2016-06-19,0.230,10.805,0.917,1.283
2016-06-20,0.080,9.556,0.617,3.358
2016-06-21,2.490,10.304,0.528,0.987
2016-06-22,0.040,14.226,0.494,4.465
2016-06-23,0.430,14.690,0.374,2.952
2016-06-24,28.310,14.381,2.516,2.875
2016-06-25,8.140,15.014,3.006,2.641
2016-06-26,0.090,17.680,1.974,4.215
2016-06-27,6.820,12.517,1.336,1.288
2016-06-28,0.050,14.026,1.354,3.548
2016-06-29,0.000,14.182,0.899,3.768
2016-06-30,0.000,13.271,0.646,2.548
2016-07-01,0.470,13.717,0.514,2.402
2016-07-02,15.620,13.597,0.791,1.017
2016-07-03,2.490,13.628,1.726,3.119
2016-07-04,0.000,13.949,1.053,3.808
2016-07-05,0.050,13.732,0.685,3.976
2016-07-06,0.000,12.256,0.487,3.423
2016-07-07,2.010,11.672,0.407,2.950
2016-07-08,5.530,10.059,0.433,1.093
2016-07-09,4.030,12.714,0.538,2.528
2016-07-10,0.580,14.359,0.597,3.663
2016-07-11,0.110,15.701,0.437,4.602
2016-07-12,0.000,17.104,0.330,4.030
2016-07-13,1.000,17.257,0.276,3.693
2016-07-14,12.640,15.491,0.549,2.837
2016-07-15,3.710,14.270,0.791,2.351
2016-07-16,7.220,14.056,1.489,2.996
2016-07-17,0.190,12.725,1.091,2.552
2016-07-18,0.240,12.883,0.694,3.714
2016-07-19,0.050,13.040,0.457,4.339
2016-07-20,0.000,16.917,0.327,4.938
2016-07-21,0.000,18.475,0.245,5.445
2016-07-22,0.000,17.552,0.192,5.402
2016-07-23,0.000,19.353,0.159,5.097
2016-07-24,0.000,19.786,0.137,4.714
2016-07-25,0.000,18.351,0.121,3.793
2016-07-26,0.000,18.352,0.111,3.462
2016-07-27,14.960,17.203,0.504,3.268
2016-07-28,0.110,16.408,0.299,3.218
2016-07-29,2.450,15.959,0.223,2.270
2016-07-30,0.300,16.152,0.197,3.030
2016-07-31,9.960,15.273,0.378,2.486
2016-08-01,0.290,12.995,0.309,2.995
2016-08-02,0.110,12.004,0.206,2.167
2016-08-03,0.000,13.332,0.173,2.883
2016-08-04,0.000,13.661,0.145,2.699
2016-08-05,4.780,14.849,0.139,2.909
2016-08-06,2.970,13.754,0.188,1.688
2016-08-07,0.170,14.742,0.178,3.376
2016-08-08,3.440,13.375,0.160,1.594
2016-08-09,29.090,11.122,2.034,0.887
2016-08-10,11.820,8.077,3.036,1.301
2016-08-11,0.150,7.840,2.712,1.763
2016-08-12,0.260,8.569,1.397,2.441
2016-08-13,13.270,8.887,2.360,0.697
2016-08-14,0.180,9.474,1.882,1.531
2016-08-15,0.000,11.455,1.169,2.309
2016-08-16,0.000,12.980,0.773,3.512
2016-08-17,0.000,9.946,0.561,1.555
2016-08-18,0.000,11.708,0.493,1.345
2016-08-19,1.290,12.139,0.455,0.873
2016-08-20,1.130,12.249,0.473,1.129
2016-08-21,0.000,12.412,0.432,1.006
2016-08-22,13.130,11.816,0.909,0.604
2016-08-23,0.460,13.544,1.121,2.289
2016-08-24,0.510,11.215,0.744,1.987
2016-08-25,3.200,12.239,0.725,1.819
2016-08-26,9.960,11.095,0.621,2.167
2016-08-27,2.590,9.949,1.606,0.997
2016-08-28,0.360,8.546,1.157,1.999
2016-08-29,0.000,9.236,0.823,1.886
2016-08-30,0.000,9.974,0.627,1.834
2016-08-31,0.050,10.775,0.512,1.539
2016-09-01,1.350,13.264,0.461,2.162
2016-09-02,4.630,10.129,0.511,1.850
2016-09-03,0.000,9.384,0.443,1.876
2016-09-04,0.140,11.461,0.383,1.481
2016-09-05,0.530,8.393,0.334,2.057
2016-09-06,0.320,7.759,0.304,0.992
2016-09-07,0.860,11.709,0.311,2.120
2016-09-08,0.190,10.551,0.254,2.089
2016-09-09,0.000,9.250,0.238,0.679
2016-09-10,0.050,10.647,0.252,0.529
2016-09-11,1.510,10.689,0.269,0.548
2016-09-12,0.300,10.045,0.255,2.061
2016-09-13,0.090,11.254,0.206,1.777
2016-09-14,0.160,10.951,0.186,1.534
2016-09-15,0.310,11.307,0.175,1.767
2016-09-16,0.160,7.824,0.164,1.327
2016-09-17,0.000,7.180,0.160,1.040
2016-09-18,0.070,11.112,0.157,1.110
2016-09-19,0.000,14.873,0.147,1.341
2016-09-20,0.000,12.276,0.144,0.696
2016-09-21,0.000,10.382,0.148,0.527
2016-09-22,0.790,8.779,0.157,0.580
2016-09-23,0.140,5.719,0.154,0.670
2016-09-24,0.160,6.205,0.146,0.703
2016-09-25,0.140,8.480,0.146,0.518
2016-09-26,0.050,8.847,0.145,0.376
2016-09-27,0.000,9.861,0.149,0.435
2016-09-28,10.700,9.518,0.355,0.300
2016-09-29,14.400,5.808,0.677,0.369
2016-09-30,0.000,6.430,1.227,0.863
2016-10-01,0.000,6.350,0.847,1.045
2016-10-02,0.000,4.553,0.605,0.803
2016-10-03,0.000,3.223,0.464,0.748
2016-10-04,0.000,2.799,0.383,0.726
2016-10-05,0.000,4.647,0.331,0.713
2016-10-06,0.000,6.495,0.302,0.679
2016-10-07,0.000,5.520,0.283,0.493
2016-10-08,0.000,3.838,0.261,0.699
2016-10-09,0.000,3.512,0.246,0.522
2016-10-10,0.000,3.783,0.233,0.498
2016-10-11,0.000,-0.821,0.223,0.155
2016-10-12,0.000,1.242,0.217,0.168
2016-10-13,0.000,4.249,0.211,0.263
2016-10-14,0.000,4.576,0.201,0.133
2016-10-15,0.000,0.456,0.195,0.162
2016-10-16,0.000,2.505,0.198,0.363
2016-10-17,0.500,2.394,0.195,0.691
2016-10-18,0.000,3.817,0.190,0.583
2016-10-19,0.000,3.775,0.185,0.164
2016-10-20,0.000,3.540,0.184,0.238
2016-10-21,0.000,0.929,0.182,0.254
2016-10-22,1.200,-0.409,0.181,0.330
2016-10-23,0.400,-0.284,0.182,0.399
2016-10-24,0.600,1.088,0.183,0.283
2016-10-25,2.300,0.759,0.199,0.118
2016-10-26,0.000,-0.227,0.201,0.049
2016-10-27,0.300,0.289,0.199,0.133
2016-10-28,0.000,1.721,0.205,0.049
2016-10-29,0.000,0.088,0.194,0.000
2016-10-30,0.000,-0.717,0.183,0.000
2016-10-31,0.000,-2.319,0.174,0.000
2016-11-01,0.000,-3.044,0.170,0.029
2016-11-02,1.900,-2.545,0.168,0.085
2016-11-03,0.590,-3.608,0.164,0.000
2016-11-04,0.680,-4.594,0.157,0.086
2016-11-05,0.330,-9.590,0.147,0.000
2016-11-06,1.520,-9.610,0.139,0.127
2016-11-07,1.550,-8.798,0.137,0.119
2016-11-08,0.470,-7.507,0.138,0.144
2016-11-09,1.000,-6.766,0.138,0.104
2016-11-10,2.400,-6.300,0.138,0.178
2016-11-11,0.000,-7.799,0.136,0.000
2016-11-12,0.120,-5.926,0.127,0.000
2016-11-13,0.000,-2.620,0.128,0.110
2016-11-14,1.010,-0.927,0.132,0.158
2016-11-15,8.980,-0.163,0.209,0.133
2016-11-16,0.240,-0.340,0.298,0.000
2016-11-17,8.880,-0.494,0.598,0.039
2016-11-18,6.830,-1.259,0.862,0.163
2016-11-19,2.680,-0.579,0.681,0.045
2016-11-20,0.300,-0.622,0.665,0.043
2016-11-21,2.730,0.505,0.790,0.139
2016-11-22,2.310,0.134,1.188,0.160
2016-11-23,2.870,1.234,1.451,0.171
2016-11-24,0.420,-5.423,1.374,0.000
2016-11-25,10.700,-5.477,1.015,0.176
2016-11-26,2.620,-0.574,1.034,0.000
2016-11-27,0.150,-6.401,0.860,0.133
2016-11-28,0.310,-4.315,0.682,0.145
2016-11-29,2.730,-2.431,0.600,0.093
2016-11-30,0.070,-1.232,0.566,0.491
2016-12-01,0.760,-2.922,0.513,0.377
2016-12-02,0.100,-6.031,0.464,0.151
2016-12-03,0.160,-12.449,0.391,0.000
2016-12-04,3.750,-5.489,0.353,0.274
2016-12-05,0.000,-0.843,0.376,0.386
2016-12-06,0.180,-8.607,0.347,0.000
2016-12-07,0.000,0.636,0.333,0.182
2016-12-08,0.000,-0.739,0.331,0.000
2016-12-09,0.000,-3.826,0.317,0.204
2016-12-10,0.000,-11.535,0.282,0.064
2016-12-11,0.170,-15.981,0.224,0.006
2016-12-12,0.000,-7.532,0.204,0.297
2016-12-13,0.760,-6.507,0.200,0.172
2016-12-14,0.100,-1.632,0.200,0.000
2016-12-15,0.000,-0.717,0.201,0.038
2016-12-16,0.000,1.040,0.200,0.170
2016-12-17,0.000,1.046,0.202,0.000
2016-12-18,2.120,-0.105,0.202,0.232
2016-12-19,0.590,3.988,0.229,0.000
2016-12-20,0.090,2.383,0.270,0.000
2016-12-21,0.000,-1.200,0.277,0.000
2016-12-22,0.000,-2.476,0.270,0.000
2016-12-23,0.090,-2.832,0.255,0.000
2016-12-24,6.230,-2.570,0.248,0.159
2016-12-25,0.070,-7.354,0.244,0.040
2016-12-26,3.320,-5.029,0.238,0.108
2016-12-27,0.340,-3.779,0.227,0.236
2016-12-28,1.140,-3.687,0.213,0.000
2016-12-29,0.000,0.949,0.214,0.212
2016-12-30,0.260,1.789,0.220,0.518
2016-12-31,0.090,1.418,0.235,0.676
2017-01-01,0.110,-5.667,0.229,0.165
2017-01-02,0.670,-8.571,0.216,0.000
2017-01-03,0.430,-11.602,0.198,0.048
2017-01-04,0.710,-16.308,0.177,0.098
2017-01-05,0.150,-22.927,0.138,0.000
2017-01-06,0.010,-13.175,0.135,0.000
2017-01-07,2.940,-5.094,0.150,0.000
2017-01-08,0.010,-2.110,0.149,0.391
2017-01-09,0.000,-1.296,0.149,0.250
2017-01-10,0.140,-2.208,0.151,0.065
2017-01-11,8.700,-1.325,0.158,0.148
2017-01-12,17.560,-3.602,0.169,0.126
2017-01-13,2.450,-4.469,0.194,0.000
2017-01-14,0.080,-8.576,0.221,0.000
2017-01-15,0.070,-7.980,0.224,0.000
2017-01-16,0.000,-9.271,0.213,0.000
2017-01-17,0.090,-6.060,0.205,0.113
2017-01-18,0.370,-0.264,0.200,0.202
2017-01-19,0.830,0.423,0.253,0.739
2017-01-20,0.000,-3.937,0.235,0.454
2017-01-21,1.230,-3.059,0.218,0.284
2017-01-22,0.030,1.842,0.212,0.418
2017-01-23,0.000,0.311,0.210,0.248
2017-01-24,0.060,-7.950,0.200,0.000
2017-01-25,0.370,-2.990,0.197,0.220
2017-01-26,0.000,4.927,0.199,0.750
2017-01-27,0.010,2.690,0.231,0.429
2017-01-28,0.030,0.120,0.224,0.287
2017-01-29,0.030,-3.638,0.225,0.136
2017-01-30,0.660,-3.197,0.223,0.122
2017-01-31,0.030,-4.622,0.214,0.183
2017-02-01,0.340,-4.648,0.205,0.182
2017-02-02,0.500,-4.634,0.199,0.175
2017-02-03,0.210,-3.723,0.192,0.130
2017-02-04,0.220,-3.592,0.185,0.155
2017-02-05,0.570,-3.960,0.179,0.165
2017-02-06,0.030,-7.960,0.172,0.225
2017-02-07,0.270,-9.149,0.165,0.000
2017-02-08,0.000,-9.604,0.156,0.000
2017-02-09,0.140,-13.491,0.143,0.002
2017-02-10,0.260,-10.564,0.134,0.182
2017-02-11,0.040,-10.579,0.127,0.000
2017-02-12,0.000,-4.186,0.123,0.407
2017-02-13,0.000,4.534,0.124,0.997
2017-02-14,0.000,3.502,0.149,0.709
2017-02-15,0.000,-1.136,0.147,0.000
2017-02-16,0.000,-3.009,0.141,0.188
2017-02-17,0.000,1.349,0.138,0.538
2017-02-18,1.550,-1.195,0.138,0.503
2017-02-19,8.990,-3.434,0.143,0.174
2017-02-20,0.190,-6.821,0.144,0.067
2017-02-21,0.110,-9.698,0.140,0.041
2017-02-22,2.430,-7.071,0.137,0.228
2017-02-23,3.950,-9.154,0.135,0.228
2017-02-24,3.040,-9.482,0.129,0.334
2017-02-25,0.100,-6.296,0.125,0.411
2017-02-26,0.110,-9.228,0.121,0.182
2017-02-27,2.960,-9.561,0.116,0.260
2017-02-28,1.840,-4.514,0.115,0.229
2017-03-01,6.940,-3.976,0.115,0.178
2017-03-02,1.140,-5.900,0.116,0.256
2017-03-03,0.520,-7.030,0.115,0.154
2017-03-04,0.030,-7.861,0.114,0.210
2017-03-05,0.050,-9.549,0.112,0.168
2017-03-06,0.030,-7.488,0.110,0.203
2017-03-07,0.080,-7.368,0.108,0.295
2017-03-08,3.240,-7.171,0.108,0.274
2017-03-09,0.630,-4.725,0.108,0.244
2017-03-10,0.120,-4.019,0.108,0.353
2017-03-11,0.000,-0.422,0.109,0.675
2017-03-12,0.000,0.152,0.111,0.664
2017-03-13,1.280,0.413,0.112,0.400
2017-03-14,8.830,-0.497,0.117,0.197
2017-03-15,0.040,1.412,0.133,0.836
2017-03-16,0.030,0.741,0.142,1.288
2017-03-17,0.900,0.940,0.142,0.852
2017-03-18,0.040,-1.318,0.141,1.111
2017-03-19,0.140,-4.345,0.139,0.728
2017-03-20,0.000,-3.083,0.141,0.489
2017-03-21,2.620,-2.162,0.143,0.291
2017-03-22,1.100,-0.887,0.145,0.480
2017-03-23,0.100,-1.774,0.143,1.528
2017-03-24,0.070,-2.357,0.142,1.055
2017-03-25,0.000,1.906,0.143,1.462
2017-03-26,0.000,4.339,0.163,2.034
2017-03-27,0.270,1.550,0.210,1.657
2017-03-28,0.100,-2.736,0.255,1.495
2017-03-29,0.080,-4.776,0.255,1.244
2017-03-30,0.070,-3.944,0.258,1.183
2017-03-31,0.000,-2.713,0.255,1.104
2017-04-01,7.960,-1.760,0.249,0.376
2017-04-02,4.900,-2.307,0.241,0.489
2017-04-03,0.100,-1.210,0.236,0.565
2017-04-04,0.000,4.169,0.259,1.453
2017-04-05,0.000,2.930,0.311,1.742
2017-04-06,0.000,1.586,0.341,1.359
2017-04-07,0.000,-0.291,0.369,1.682
2017-04-08,2.710,-2.216,0.368,1.357
2017-04-09,0.460,2.932,0.385,1.004
2017-04-10,1.470,2.755,0.558,0.739
2017-04-11,2.420,-0.130,0.793,1.172
2017-04-12,4.430,-2.608,0.761,0.704
2017-04-13,0.550,-5.963,0.719,0.860
2017-04-14,0.020,-6.950,0.651,1.071
2017-04-15,0.010,-6.158,0.555,1.001
2017-04-16,0.020,-4.230,0.469,1.263
2017-04-17,0.000,-2.920,0.418,1.587
2017-04-18,0.030,-1.966,0.376,1.851
2017-04-19,0.000,0.236,0.349,2.018
2017-04-20,0.120,0.434,0.339,1.165
2017-04-21,0.940,1.558,0.357,1.608
2017-04-22,2.570,0.615,0.421,1.788
2017-04-23,0.120,0.593,0.446,1.589
2017-04-24,0.230,-0.522,0.525,1.313
2017-04-25,0.540,-0.271,0.635,1.278
2017-04-26,0.590,0.923,0.800,1.681
2017-04-27,0.110,-0.686,0.838,1.358
2017-04-28,0.150,-0.238,0.786,1.942
2017-04-29,0.000,-0.301,0.796,1.550
2017-04-30,4.940,-1.533,0.790,1.020
2017-05-01,0.120,2.375,0.765,2.298
2017-05-02,0.000,4.127,1.182,2.650
2017-05-03,0.000,3.458,1.902,2.097
2017-05-04,0.000,5.726,2.727,3.156
2017-05-05,0.000,10.191,6.574,3.513
2017-05-06,0.000,3.819,7.545,1.912
2017-05-07,4.820,-1.000,4.107,1.070
2017-05-08,0.210,-2.631,2.778,1.711
2017-05-09,0.530,-2.026,2.068,1.576
2017-05-10,0.750,-1.473,1.662,1.474
2017-05-11,0.120,-1.249,1.411,1.574
2017-05-12,0.040,-0.251,1.286,1.345
2017-05-13,0.030,1.792,1.440,1.568
2017-05-14,0.050,0.158,1.742,1.495
2017-05-15,0.090,1.655,1.765,2.738
2017-05-16,0.040,3.639,1.930,2.986
2017-05-17,2.140,6.796,2.781,1.448
2017-05-18,29.710,8.085,5.543,1.757
2017-05-19,11.240,10.081,18.107,2.133
2017-05-20,0.000,8.161,5.631,3.585
2017-05-21,0.030,11.376,3.578,4.768
2017-05-22,0.000,12.010,2.711,4.520
2017-05-23,0.000,8.698,2.136,3.748
2017-05-24,0.010,11.502,1.725,4.962
2017-05-25,0.000,9.521,1.462,3.492
2017-05-26,0.000,6.816,1.247,3.384
2017-05-27,1.010,5.638,1.131,1.775
2017-05-28,3.110,8.167,1.275,2.131
2017-05-29,0.010,5.913,1.151,3.463
2017-05-30,0.050,7.191,0.970,3.986
2017-05-31,1.640,3.920,0.846,2.848
2017-06-01,0.840,2.728,0.809,2.456
2017-06-02,0.020,5.465,0.718,3.917
2017-06-03,0.070,6.824,0.626,3.956
2017-06-04,0.280,4.736,0.585,2.093
2017-06-05,7.140,4.705,0.694,1.141
2017-06-06,0.080,9.927,0.941,3.275
2017-06-07,0.000,14.001,0.718,4.045
2017-06-08,0.000,15.561,0.592,4.654
2017-06-09,0.570,11.932,0.549,2.003
2017-06-10,0.070,12.968,0.494,3.365
2017-06-11,0.000,11.943,0.448,1.838
2017-06-12,0.030,9.813,0.430,1.530
2017-06-13,0.040,13.405,0.371,5.038
2017-06-14,0.040,15.088,0.292,5.217
2017-06-15,0.000,15.532,0.249,5.043
2017-06-16,0.000,17.135,0.214,4.723
2017-06-17,3.880,15.204,0.212,2.903
2017-06-18,0.570,13.255,0.265,4.204
2017-06-19,0.000,12.016,0.192,4.425
2017-06-20,1.980,10.444,0.177,3.605
2017-06-21,6.970,8.466,0.204,2.465
2017-06-22,2.740,6.626,0.391,2.198
2017-06-23,0.030,8.428,0.293,3.085
2017-06-24,3.820,7.988,0.249,1.278
2017-06-25,15.590,8.373,1.077,0.710
2017-06-26,4.770,8.875,1.535,2.222
2017-06-27,1.120,10.309,1.418,2.313
2017-06-28,0.110,11.048,0.894,3.396
2017-06-29,0.020,13.831,0.594,4.584
2017-06-30,0.000,15.202,0.413,5.440
2017-07-01,0.050,16.539,0.294,5.803
2017-07-02,0.000,16.054,0.222,4.949
2017-07-03,9.750,11.647,0.362,0.998
2017-07-04,7.230,8.588,0.933,1.598
2017-07-05,3.480,7.058,0.800,1.415
2017-07-06,0.190,10.249,0.769,4.130
2017-07-07,0.000,12.549,0.540,4.020
2017-07-08,0.000,13.965,0.381,4.775
2017-07-09,0.000,14.319,0.275,4.060
2017-07-10,1.270,12.467,0.239,1.361
2017-07-11,0.020,13.816,0.231,2.222
2017-07-12,11.060,13.809,0.415,1.714
2017-07-13,0.040,11.408,0.634,2.278
2017-07-14,4.760,9.530,0.515,1.402
2017-07-15,0.120,11.859,0.550,4.111
2017-07-16,3.270,12.776,0.415,2.839
2017-07-17,2.200,12.108,0.475,2.596
2017-07-18,5.230,10.040,0.375,2.512
2017-07-19,0.840,10.628,0.460,2.172
2017-07-20,0.760,10.966,0.396,2.533
2017-07-21,0.100,11.258,0.333,2.138
2017-07-22,0.330,12.226,0.282,2.588
2017-07-23,1.310,13.247,0.239,3.182
2017-07-24,2.110,14.475,0.225,2.501
2017-07-25,0.030,15.812,0.194,3.198
2017-07-26,0.040,17.430,0.161,4.245
2017-07-27,0.000,15.788,0.143,3.244
2017-07-28,0.130,15.526,0.132,2.389
2017-07-29,4.190,15.388,0.155,2.302
2017-07-30,0.120,15.043,0.139,3.017
2017-07-31,2.540,13.928,0.124,2.172
2017-08-01,18.730,13.027,0.729,2.169
2017-08-02,0.160,13.960,1.329,3.042
2017-08-03,0.150,14.469,0.908,2.897
2017-08-04,0.080,13.311,0.590,2.941
2017-08-05,0.130,12.767,0.412,2.207
2017-08-06,0.240,11.277,0.320,1.190
2017-08-07,0.500,12.797,0.258,2.775
2017-08-08,0.350,13.659,0.218,1.787
2017-08-09,0.080,13.566,0.182,2.745
2017-08-10,12.770,12.382,0.353,1.141
2017-08-11,0.060,13.777,0.454,2.696
2017-08-12,0.080,14.596,0.353,2.638
2017-08-13,0.370,11.353,0.291,2.505
2017-08-14,0.090,11.150,0.219,3.081
2017-08-15,0.020,11.412,0.179,2.662
2017-08-16,2.870,11.775,0.168,1.100
2017-08-17,0.270,12.352,0.165,2.816
2017-08-18,0.000,13.729,0.141,2.102
2017-08-19,8.350,12.905,0.162,0.690
2017-08-20,8.160,11.810,0.304,1.394
2017-08-21,0.480,11.193,0.500,1.298
2017-08-22,0.860,9.924,0.440,1.587
2017-08-23,0.250,8.103,0.358,1.845
2017-08-24,0.240,7.726,0.291,1.481
2017-08-25,2.960,6.649,0.247,1.453
2017-08-26,1.150,6.911,0.259,1.286
2017-08-27,0.200,7.736,0.224,1.625
2017-08-28,0.000,9.406,0.194,1.710
2017-08-29,3.390,11.575,0.186,0.792
2017-08-30,0.640,11.633,0.225,2.195
2017-08-31,0.460,11.573,0.178,2.013
2017-09-01,2.570,10.288,0.194,1.526
2017-09-02,0.180,10.219,0.179,2.187
2017-09-03,0.000,11.879,0.162,2.185
2017-09-04,0.000,10.939,0.149,1.961
2017-09-05,0.020,8.533,0.139,1.619
2017-09-06,0.000,8.338,0.132,1.260
2017-09-07,1.570,7.490,0.129,1.012
2017-09-08,5.980,7.342,0.168,0.516
2017-09-09,28.450,8.681,2.448,0.534
2017-09-10,29.360,10.603,7.900,0.410
2017-09-11,0.130,10.514,4.315,0.810
2017-09-12,10.480,10.545,2.843,0.428
2017-09-13,9.110,10.515,5.146,0.802
2017-09-14,0.190,9.646,3.370,0.893
2017-09-15,0.130,6.989,2.010,0.995
2017-09-16,4.350,4.866,1.656,0.526
2017-09-17,0.000,7.164,1.403,0.953
2017-09-18,0.160,7.263,1.155,0.768
2017-09-19,2.870,3.709,1.001,0.580
2017-09-20,4.380,3.579,1.105,0.320
2017-09-21,1.020,6.342,1.261,0.395
2017-09-22,0.140,8.348,1.169,0.479
2017-09-23,0.320,7.612,1.031,0.386
2017-09-24,0.110,8.330,0.923,0.408
2017-09-25,0.040,6.984,0.837,0.362
2017-09-26,0.010,7.903,0.768,0.488
2017-09-27,0.260,6.253,0.711,0.358
2017-09-28,0.030,6.708,0.666,0.460
2017-09-29,0.010,4.577,0.626,0.292
2017-09-30,0.100,2.278,0.599,0.263
2017-10-01,1.530,4.381,0.583,0.270
2017-10-02,3.970,5.771,0.624,0.358
2017-10-03,25.460,5.889,4.182,0.269
2017-10-04,12.760,7.126,7.056,0.272
2017-10-05,5.560,5.552,5.242,0.242
2017-10-06,2.940,5.482,3.389,0.350
2017-10-07,1.910,3.140,2.706,0.191
2017-10-08,0.410,4.024,2.228,0.256
2017-10-09,1.090,3.181,1.884,0.298
2017-10-10,2.860,2.416,1.837,0.187
2017-10-11,1.350,4.111,2.244,0.270
2017-10-12,0.980,3.223,1.940,0.308
2017-10-13,0.070,2.870,1.634,0.129
2017-10-14,5.680,4.396,1.823,0.187
2017-10-15,0.150,4.873,1.880,0.221
2017-10-16,1.360,5.979,1.705,0.649
2017-10-17,0.000,3.112,1.460,0.544
2017-10-18,0.040,2.311,1.275,0.232
2017-10-19,0.000,2.046,1.112,0.251
2017-10-20,0.100,-1.492,0.998,0.122
2017-10-21,0.080,-1.762,0.929,0.074
2017-10-22,0.030,-0.893,0.883,0.168
2017-10-23,0.040,-1.093,0.826,0.128
2017-10-24,1.160,-1.391,0.792,0.122
2017-10-25,5.940,-0.700,0.839,0.209
2017-10-26,4.880,-1.493,0.881,0.124
2017-10-27,0.020,-1.249,0.850,0.076
2017-10-28,2.430,0.050,1.208,0.119
2017-10-29,0.030,-1.566,1.402,0.496
2017-10-30,0.050,-3.004,1.055,0.232
2017-10-31,3.300,-3.924,0.905,0.039
2017-11-01,0.095,-1.695,0.842,0.094
2017-11-02,4.275,-0.239,1.103,0.153
2017-11-03,0.799,1.180,1.129,0.201
2017-11-04,0.000,2.110,0.999,0.357
2017-11-05,2.068,0.757,0.896,0.165
2017-11-06,2.418,1.220,1.577,0.000
2017-11-07,0.000,-0.849,1.464,0.298
2017-11-08,0.000,-1.006,1.173,0.093
2017-11-09,3.388,1.240,1.178,0.194
2017-11-10,0.000,-0.625,1.887,0.000
2017-11-11,0.123,-0.690,1.422,0.242
2017-11-12,5.093,-0.776,1.203,0.053
2017-11-13,0.000,-2.891,1.034,0.000
2017-11-14,0.000,-3.600,0.896,0.000
2017-11-15,0.000,-5.902,0.771,0.000
2017-11-16,1.567,-2.940,0.700,0.000
2017-11-17,4.824,-2.129,0.698,0.000
2017-11-18,0.000,-7.381,0.670,0.142
2017-11-19,2.267,-6.926,0.627,0.172
2017-11-20,0.450,-9.176,0.605,0.093
2017-11-21,1.160,-8.631,0.576,0.129
2017-11-22,2.193,-4.023,0.577,0.264
2017-11-23,14.069,-2.929,0.626,0.244
2017-11-24,3.158,1.182,2.608,0.124
2017-11-25,0.000,-3.420,1.925,0.000
2017-11-26,1.527,-2.155,1.500,0.195
2017-11-27,0.160,-2.005,1.230,0.166
2017-11-28,0.000,-10.644,1.034,0.000
2017-11-29,0.000,-11.102,0.860,0.102
2017-11-30,3.900,-6.331,0.788,0.146
2017-12-01,0.050,-5.206,0.763,0.171
2017-12-02,1.350,-4.386,0.730,0.000
2017-12-03,0.020,-1.297,0.724,0.000
2017-12-04,0.190,-4.817,0.674,0.004
2017-12-05,2.020,-5.225,0.634,0.096
2017-12-06,0.190,-6.302,0.604,0.000
2017-12-07,9.720,-5.183,0.585,0.269
2017-12-08,4.590,0.122,1.049,0.133
2017-12-09,13.270,-0.677,1.464,0.024
2017-12-10,9.740,-1.205,1.184,0.161
2017-12-11,5.960,-2.109,1.081,0.268
2017-12-12,2.170,-4.060,0.994,0.252
2017-12-13,0.340,-9.319,0.923,0.155
2017-12-14,8.740,-5.146,0.853,0.250
2017-12-15,0.620,-3.721,0.827,0.134
2017-12-16,0.050,-8.122,0.769,0.176
2017-12-17,0.120,-8.761,0.711,0.037
2017-12-18,0.420,-5.510,0.671,0.254
2017-12-19,0.250,-6.028,0.636,0.165
2017-12-20,8.120,-0.749,0.803,0.252
2017-12-21,0.020,-1.701,1.008,0.097
2017-12-22,0.020,-3.985,0.899,0.000
2017-12-23,1.930,-4.145,0.833,0.195
2017-12-24,0.000,-6.245,0.742,0.000
2017-12-25,0.000,-8.166,0.658,0.292
2017-12-26,0.000,-12.113,0.594,0.227
2017-12-27,2.060,-10.630,0.572,0.087
2017-12-28,6.740,-10.359,0.545,0.216
2017-12-29,6.430,-8.095,0.550,0.256
2017-12-30,1.490,-3.225,0.541,0.259
2017-12-31,3.010,-5.291,0.519,0.285
2018-01-01,3.180,-2.958,0.517,0.114
2018-01-02,4.130,-2.962,0.507,0.193
2018-01-03,0.070,-5.646,0.498,0.229
2018-01-04,0.060,-11.389,0.484,0.145
2018-01-05,9.640,-7.782,0.481,0.164
2018-01-06,0.520,-9.166,0.479,0.126
2018-01-07,3.070,-8.622,0.467,0.293
2018-01-08,0.190,-6.762,0.454,0.270
2018-01-09,0.520,0.068,0.443,0.364
2018-01-10,0.200,-2.824,0.435,0.000
2018-01-11,0.000,-7.738,0.423,0.000
2018-01-12,0.110,-12.250,0.407,0.103
2018-01-13,0.030,-10.846,0.393,0.195
2018-01-14,0.520,-6.657,0.386,0.265
2018-01-15,2.490,-3.917,0.387,0.439
2018-01-16,5.890,-7.794,0.387,0.298
2018-01-17,0.000,-9.763,0.373,0.177
2018-01-18,0.310,-9.790,0.362,0.219
2018-01-19,6.040,-11.094,0.351,0.108
2018-01-20,1.140,-7.868,0.340,0.195
2018-01-21,0.510,-8.851,0.333,0.227
2018-01-22,0.290,-15.203,0.326,0.193
2018-01-23,0.480,-13.684,0.318,0.224
2018-01-24,14.240,-3.082,0.325,0.200
2018-01-25,1.700,-0.865,0.338,0.084
2018-01-26,0.190,-2.972,0.328,0.000
2018-01-27,0.000,-7.392,0.328,0.127
2018-01-28,0.240,-7.344,0.333,0.170
2018-01-29,0.000,-8.525,0.330,0.231
2018-01-30,0.190,-8.455,0.325,0.133
2018-01-31,1.330,-7.692,0.321,0.216
2018-02-01,0.000,-10.657,0.318,0.175
2018-02-02,0.000,-15.028,0.310,0.103
2018-02-03,0.210,-12.837,0.301,0.038
2018-02-04,0.310,-13.465,0.289,0.000
2018-02-05,0.000,-13.533,0.281,0.000
2018-02-06,0.940,-15.298,0.280,0.043
2018-02-07,0.120,-15.324,0.278,0.121
2018-02-08,0.270,-12.516,0.267,0.115
2018-02-09,0.000,-3.343,0.261,0.222
2018-02-10,0.000,-5.021,0.254,0.024
2018-02-11,0.180,-5.501,0.251,0.175
2018-02-12,0.290,-6.922,0.250,0.195
2018-02-13,0.510,-4.034,0.249,0.167
2018-02-14,0.280,-3.305,0.247,0.133
2018-02-15,0.000,-3.700,0.245,0.152
2018-02-16,0.000,-5.103,0.245,0.223
2018-02-17,0.000,-7.466,0.243,0.108
2018-02-18,0.000,-7.865,0.242,0.115
2018-02-19,0.000,-10.707,0.240,0.067
2018-02-20,0.000,-13.100,0.237,0.000
2018-02-21,0.830,-13.450,0.231,0.002
2018-02-22,0.110,-15.430,0.223,0.000
2018-02-23,0.000,-15.537,0.217,0.141
2018-02-24,0.000,-15.732,0.207,0.075
2018-02-25,0.000,-16.647,0.201,0.135
2018-02-26,0.440,-12.949,0.200,0.224
2018-02-27,0.610,-15.234,0.195,0.181
2018-02-28,0.200,-15.595,0.181,0.130
2018-03-01,0.180,-11.556,0.184,0.263
2018-03-02,0.350,-11.015,0.185,0.225
2018-03-03,0.520,-8.319,0.185,0.216
2018-03-04,1.120,-9.171,0.181,0.196
2018-03-05,0.530,-12.116,0.178,0.231
2018-03-06,1.500,-12.100,0.176,0.210
2018-03-07,0.940,-12.722,0.174,0.232
2018-03-08,2.310,-11.282,0.173,0.251
2018-03-09,3.000,-9.968,0.172,0.284
2018-03-10,3.520,-5.680,0.171,0.271
2018-03-11,0.890,-6.147,0.171,0.254
2018-03-12,2.810,-6.273,0.170,0.317
2018-03-13,1.350,-6.544,0.173,0.324
2018-03-14,0.200,-9.484,0.171,0.468
2018-03-15,0.000,-10.984,0.169,0.484
2018-03-16,0.000,-11.151,0.166,0.467
2018-03-17,0.000,-7.634,0.166,0.775
2018-03-18,0.000,-0.298,0.169,1.061
2018-03-19,0.000,-2.824,0.169,1.000
2018-03-20,0.000,-7.532,0.166,0.785
2018-03-21,2.810,-0.724,0.167,0.898
2018-03-22,0.000,-1.815,0.168,0.858
2018-03-23,0.000,-7.051,0.165,0.758
2018-03-24,2.660,-5.764,0.167,0.321
2018-03-25,4.130,-8.533,0.168,0.508
2018-03-26,0.000,-9.451,0.166,0.829
2018-03-27,0.000,-6.786,0.165,0.935
2018-03-28,0.250,-3.162,0.164,1.063
2018-03-29,0.000,-2.717,0.163,1.326
2018-03-30,0.000,-2.388,0.162,1.139
2018-03-31,0.000,-1.797,0.162,1.170
2018-04-01,0.000,-3.438,0.161,1.051
2018-04-02,0.000,-3.355,0.162,1.281
2018-04-03,0.000,-3.223,0.161,1.521
2018-04-04,7.660,-2.901,0.160,0.801
2018-04-05,2.880,-1.753,0.162,0.496
2018-04-06,4.680,-1.160,0.162,0.961
2018-04-07,0.000,-0.611,0.160,1.333
2018-04-08,0.340,-0.276,0.161,1.401
2018-04-09,1.300,-0.794,0.165,1.549
2018-04-10,0.150,-0.412,0.164,1.840
2018-04-11,0.000,2.305,0.165,2.161
2018-04-12,0.000,4.183,0.166,2.207
2018-04-13,0.000,4.390,0.174,2.665
2018-04-14,0.000,4.509,0.188,2.683
2018-04-15,0.000,4.463,0.212,2.525
2018-04-16,0.000,6.725,0.259,2.555
2018-04-17,0.000,7.857,0.403,2.622
2018-04-18,0.000,7.631,0.639,2.266
2018-04-19,0.000,7.734,1.387,2.462
2018-04-20,0.410,7.611,2.750,1.825
2018-04-21,0.730,4.422,3.873,1.341
2018-04-22,0.120,1.949,4.439,1.420
2018-04-23,0.150,0.925,4.328,0.814
2018-04-24,2.540,1.298,4.215,0.607
2018-04-25,0.160,4.173,4.590,1.800
2018-04-26,0.000,3.999,5.401,1.676
2018-04-27,0.000,5.540,5.385,2.181
2018-04-28,0.060,6.451,5.705,2.290
2018-04-29,0.000,5.653,6.100,1.996
2018-04-30,0.140,4.222,6.186,2.365
2018-05-01,1.730,1.001,5.766,0.775
2018-05-02,3.550,2.218,7.159,0.430
2018-05-03,0.310,2.607,6.380,0.606
2018-05-04,5.240,2.587,9.448,0.872
2018-05-05,0.000,8.018,10.068,2.403
2018-05-06,0.000,10.740,11.576,3.511
2018-05-07,1.120,7.135,8.785,2.878
2018-05-08,0.000,6.498,6.801,2.807
2018-05-09,0.000,11.043,6.823,4.147
2018-05-10,0.000,11.262,5.865,4.477
2018-05-11,0.000,14.041,4.672,4.648
2018-05-12,0.000,14.950,3.739,4.605
2018-05-13,0.000,16.098,2.990,4.876
2018-05-14,0.000,18.074,2.363,4.744
2018-05-15,24.480,17.550,5.970,3.635
2018-05-16,0.120,17.522,4.353,5.285
2018-05-17,0.790,8.317,2.590,3.350
2018-05-18,0.000,8.445,1.902,4.084
2018-05-19,0.000,10.948,1.517,4.175
2018-05-20,0.000,12.774,1.301,3.314
2018-05-21,0.000,17.317,1.135,4.745
2018-05-22,0.000,15.817,0.981,4.873
2018-05-23,0.000,9.409,0.840,4.343
2018-05-24,0.000,11.913,0.735,4.607
2018-05-25,0.000,17.596,0.655,5.566
2018-05-26,0.000,13.528,0.572,4.701
2018-05-27,0.000,11.086,0.508,4.358
2018-05-28,0.000,15.384,0.465,5.458
2018-05-29,0.000,16.465,0.414,5.932
2018-05-30,0.000,12.302,0.364,4.510
2018-05-31,0.000,12.230,0.330,4.836
2018-06-01,2.070,16.341,0.323,4.577
2018-06-02,0.220,13.895,0.303,5.133
2018-06-03,0.110,11.351,0.261,3.837
2018-06-04,0.130,7.375,0.230,4.037
2018-06-05,0.000,6.035,0.210,3.167
2018-06-06,0.000,6.344,0.200,2.948
2018-06-07,1.430,7.675,0.206,2.874
2018-06-08,0.010,7.344,0.189,3.561
2018-06-09,0.000,11.206,0.172,3.870
2018-06-10,0.000,14.719,0.158,4.410
2018-06-11,0.000,13.685,0.138,5.316
2018-06-12,1.190,8.802,0.131,1.903
2018-06-13,0.170,8.387,0.142,2.571
2018-06-14,0.000,9.297,0.130,2.590
2018-06-15,1.740,13.072,0.135,2.830
2018-06-16,0.750,13.905,0.136,4.051
2018-06-17,0.230,14.763,0.109,4.949
2018-06-18,9.840,11.615,0.240,1.938
2018-06-19,7.060,9.805,0.426,1.496
2018-06-20,0.150,10.850,0.323,4.204
2018-06-21,0.000,11.344,0.184,3.837
2018-06-22,15.240,7.997,0.235,1.316
2018-06-23,4.320,9.127,1.028,2.254
2018-06-24,0.350,12.267,0.428,4.805
2018-06-25,0.000,15.100,0.281,4.290
2018-06-26,0.000,15.215,0.212,5.404
2018-06-27,0.000,14.839,0.165,5.542
2018-06-28,5.530,11.149,0.174,1.489
2018-06-29,0.940,9.726,0.246,2.992
2018-06-30,0.000,10.774,0.168,3.886
2018-07-01,0.000,13.987,0.134,4.765
2018-07-02,0.000,15.621,0.113,5.722
2018-07-03,0.000,17.749,0.096,5.921
2018-07-04,0.000,13.170,0.085,3.392
2018-07-05,0.180,15.678,0.080,3.969
2018-07-06,0.050,14.804,0.077,2.043
2018-07-07,0.150,14.924,0.069,4.033
2018-07-08,0.000,16.000,0.059,4.309
2018-07-09,0.000,18.874,0.054,4.585
2018-07-10,0.208,20.934,0.050,3.912
2018-07-11,0.000,20.614,0.044,6.020
2018-07-12,0.000,19.895,0.040,5.125
2018-07-13,12.560,16.879,0.081,3.318
2018-07-14,0.240,20.416,0.084,4.940
2018-07-15,0.000,22.208,0.054,5.566
2018-07-16,0.000,21.462,0.042,5.429
2018-07-17,0.000,23.234,0.037,5.710
2018-07-18,0.000,24.663,0.032,6.467
2018-07-19,0.000,23.421,0.027,6.479
2018-07-20,0.000,22.762,0.023,5.658
2018-07-21,0.110,21.775,0.022,4.205
2018-07-22,0.210,18.186,0.029,1.741
2018-07-23,37.200,18.438,0.731,2.983
2018-07-24,0.100,19.035,0.478,4.432
2018-07-25,0.000,20.847,0.175,4.399
2018-07-26,14.774,18.288,0.592,3.018
2018-07-27,0.000,18.153,0.279,4.992
2018-07-28,0.000,19.203,0.148,3.911
2018-07-29,14.300,18.526,0.153,1.339
2018-07-30,14.940,19.555,1.221,1.592
2018-07-31,0.400,21.589,0.625,3.818
2018-08-01,0.000,20.824,0.299,3.183
2018-08-02,11.830,19.540,0.337,3.230
2018-08-03,0.420,18.885,0.751,3.967
2018-08-04,0.140,16.888,0.365,3.841
2018-08-05,1.950,12.584,0.258,2.290
2018-08-06,2.960,11.087,0.264,1.926
2018-08-07,0.320,14.720,0.225,3.568
2018-08-08,0.000,17.459,0.175,3.614
2018-08-09,0.480,19.471,0.154,3.715
2018-08-10,0.840,17.046,0.131,1.957
2018-08-11,0.120,13.837,0.123,3.256
2018-08-12,0.590,11.350,0.098,2.760
2018-08-13,0.000,11.637,0.087,2.392
2018-08-14,0.060,10.524,0.076,1.868
2018-08-15,0.000,11.768,0.071,2.424
2018-08-16,0.100,13.587,0.066,1.826
2018-08-17,0.520,16.372,0.065,2.416
2018-08-18,2.710,13.090,0.060,2.438
2018-08-19,1.240,11.560,0.063,2.723
2018-08-20,0.140,11.014,0.049,2.916
2018-08-21,0.040,9.375,0.044,2.730
2018-08-22,2.260,8.131,0.049,1.253
2018-08-23,1.270,12.107,0.057,2.346
2018-08-24,3.020,11.193,0.064,0.886
2018-08-25,2.620,11.221,0.081,1.409
2018-08-26,8.470,8.858,0.115,0.978
2018-08-27,0.380,9.856,0.171,1.653
2018-08-28,0.000,11.384,0.116,1.340
2018-08-29,0.000,12.257,0.098,1.325
2018-08-30,5.210,11.772,0.111,1.261
2018-08-31,0.670,10.270,0.138,1.982
2018-09-01,0.330,11.857,0.099,2.207
2018-09-02,0.000,13.012,0.081,1.979
2018-09-03,0.000,13.460,0.072,2.113
2018-09-04,0.000,12.874,0.065,1.727
2018-09-05,0.000,11.394,0.058,2.153
2018-09-06,0.000,10.415,0.055,1.438
2018-09-07,0.000,12.322,0.051,1.935
2018-09-08,0.000,11.644,0.052,1.397
2018-09-09,0.000,12.022,0.053,0.622
2018-09-10,0.000,11.839,0.057,0.916
2018-09-11,5.410,10.368,0.090,0.842
2018-09-12,2.340,8.275,0.078,0.705
2018-09-13,0.530,8.880,0.073,1.328
2018-09-14,0.300,8.802,0.065,1.227
2018-09-15,1.420,8.099,0.067,0.988
2018-09-16,0.500,7.867,0.062,1.559
2018-09-17,0.270,7.183,0.061,0.966
2018-09-18,0.570,8.201,0.058,1.021
2018-09-19,10.860,10.447,0.120,0.483
2018-09-20,1.710,10.809,0.249,1.216
2018-09-21,5.450,8.312,0.201,1.142
2018-09-22,3.670,8.720,0.337,0.852
2018-09-23,0.660,6.119,0.308,1.404
2018-09-24,0.030,4.069,0.255,1.563
2018-09-25,0.180,3.963,0.219,1.015
2018-09-26,2.930,5.879,0.228,1.128
2018-09-27,0.540,4.495,0.202,1.794
2018-09-28,0.160,1.487,0.179,0.765
2018-09-29,0.890,0.915,0.169,0.519
2018-09-30,0.510,4.455,0.174,0.660
2018-10-01,0.510,4.336,0.158,0.645
2018-10-02,0.070,2.438,0.145,0.703
2018-10-03,1.100,-0.852,0.138,0.296
2018-10-04,0.630,0.027,0.135,0.374
2018-10-05,5.680,3.714,0.223,0.713
2018-10-06,0.000,4.171,0.212,1.089
2018-10-07,0.100,1.201,0.187,0.626
2018-10-08,0.920,1.392,0.185,0.437
2018-10-09,0.690,3.461,0.189,0.381
2018-10-10,0.000,6.371,0.179,0.786
2018-10-11,0.000,7.695,0.167,0.398
2018-10-12,0.000,5.988,0.165,0.165
2018-10-13,0.000,8.439,0.166,0.267
2018-10-14,0.000,12.300,0.161,0.608
2018-10-15,1.660,6.893,0.159,0.480
2018-10-16,0.730,5.086,0.162,0.272
2018-10-17,0.000,4.822,0.155,0.307
2018-10-18,0.460,5.527,0.155,0.419
2018-10-19,0.000,5.103,0.144,0.617
2018-10-20,0.000,3.967,0.140,0.237
2018-10-21,7.770,3.687,0.167,0.200
2018-10-22,1.580,2.361,0.321,0.233
2018-10-23,0.180,-0.803,0.276,0.082
2018-10-24,0.190,-0.152,0.247,0.066
2018-10-25,0.000,-1.552,0.225,0.175
2018-10-26,0.080,-2.344,0.204,0.145
2018-10-27,0.000,-3.128,0.187,0.273
2018-10-28,0.450,-4.600,0.168,0.000
2018-10-29,0.060,-4.558,0.147,0.070
2018-10-30,9.540,-3.573,0.146,0.220
2018-10-31,6.320,1.696,0.272,0.213
2018-11-01,0.000,2.910,0.450,0.000
2018-11-02,6.150,1.551,0.371,0.216
2018-11-03,0.280,1.371,0.820,0.000
2018-11-04,0.200,1.417,0.593,0.000
2018-11-05,0.060,1.219,0.535,0.000
2018-11-06,0.870,2.805,0.487,0.187
2018-11-07,0.730,3.675,0.558,0.270
2018-11-08,0.230,1.151,0.596,0.144
2018-11-09,1.150,2.666,0.581,0.250
2018-11-10,3.130,2.178,0.650,0.212
2018-11-11,3.460,2.384,0.813,0.176
2018-11-12,6.850,3.817,1.531,0.203
2018-11-13,0.150,3.795,1.510,0.000
2018-11-14,0.240,1.558,1.021,0.000
2018-11-15,0.900,0.903,0.766,0.120
2018-11-16,0.130,3.664,0.651,0.117
2018-11-17,0.000,3.883,0.571,0.221
2018-11-18,0.000,-0.733,0.491,0.163
2018-11-19,0.130,-5.027,0.421,0.000
2018-11-20,0.070,-1.563,0.360,0.000
2018-11-21,0.000,-2.529,0.310,0.000
2018-11-22,0.000,-2.084,0.277,0.352
2018-11-23,0.100,-2.788,0.252,0.069
2018-11-24,0.000,-2.412,0.237,0.200
2018-11-25,0.000,-3.345,0.222,0.048
2018-11-26,0.000,-5.353,0.209,0.053
2018-11-27,0.000,-8.839,0.182,0.000
2018-11-28,0.120,-10.191,0.154,0.000
2018-11-29,0.340,-3.819,0.158,0.327
2018-11-30,1.530,0.443,0.169,0.235
2018-12-01,1.300,0.941,0.177,0.190
2018-12-02,1.780,0.567,0.176,0.153
2018-12-03,6.250,-0.628,0.190,0.190
2018-12-04,8.660,-2.062,0.189,0.167
2018-12-05,4.260,-3.222,0.187,0.000
2018-12-06,0.000,-4.869,0.177,0.000
2018-12-07,0.640,-4.338,0.172,0.207
2018-12-08,6.110,-2.138,0.179,0.194
2018-12-09,2.390,-0.539,0.199,0.180
2018-12-10,13.630,-0.208,0.724,0.195
2018-12-11,5.420,-4.119,0.665,0.141
2018-12-12,0.130,-8.588,0.452,0.000
2018-12-13,0.390,-10.168,0.351,0.000
2018-12-14,0.120,-12.640,0.282,0.000
2018-12-15,0.120,-14.057,0.223,0.000
2018-12-16,0.000,-7.170,0.222,0.051
2018-12-17,2.720,-5.234,0.220,0.148
2018-12-18,7.450,-3.266,0.220,0.171
2018-12-19,0.450,-3.603,0.222,0.126
2018-12-20,0.730,-4.163,0.223,0.219
2018-12-21,0.530,-6.974,0.224,0.255
2018-12-22,0.540,-9.367,0.221,0.248
2018-12-23,1.010,-12.048,0.213,0.000
2018-12-24,0.000,-7.484,0.204,0.000
2018-12-25,0.650,-3.026,0.203,0.097
2018-12-26,0.240,-1.563,0.205,0.046
2018-12-27,0.250,-0.192,0.203,0.169
2018-12-28,0.070,-1.373,0.203,0.000
2018-12-29,0.710,-1.581,0.202,0.000
2018-12-30,0.340,-5.698,0.194,0.000
2018-12-31,6.940,-5.235,0.190,0.341
2019-01-01,0.250,-2.793,0.192,0.318
2019-01-02,0.410,-9.174,0.178,0.036
2019-01-03,2.600,-8.328,0.170,0.245
2019-01-04,0.000,-0.073,0.167,0.105
2019-01-05,0.000,-4.247,0.162,0.000
2019-01-06,0.000,-1.053,0.160,0.130
2019-01-07,0.000,-1.488,0.167,0.384
2019-01-08,0.000,-4.867,0.165,0.178
2019-01-09,0.000,-6.163,0.156,0.000
2019-01-10,0.040,-5.509,0.151,0.196
2019-01-11,0.110,0.217,0.153,0.857
2019-01-12,0.000,-3.891,0.148,0.487
2019-01-13,5.390,-7.340,0.148,0.150
2019-01-14,7.830,-8.029,0.146,0.304
2019-01-15,1.090,-11.851,0.140,0.000
2019-01-16,0.230,-15.704,0.135,0.000
2019-01-17,0.210,-20.548,0.129,0.140
2019-01-18,0.050,-14.771,0.123,0.000
2019-01-19,0.000,-10.393,0.121,0.244
2019-01-20,0.000,-14.067,0.116,0.000
2019-01-21,0.180,-23.800,0.106,0.028
2019-01-22,0.000,-14.705,0.103,0.055
2019-01-23,0.000,-16.647,0.101,0.174
2019-01-24,0.000,-12.946,0.098,0.156
2019-01-25,1.670,-12.647,0.099,0.228
2019-01-26,3.180,-16.736,0.096,0.163
2019-01-27,0.770,-20.084,0.089,0.028
2019-01-28,0.140,-14.943,0.084,0.149
2019-01-29,1.140,-13.834,0.092,0.137
2019-01-30,0.540,-18.132,0.084,0.000
2019-01-31,0.010,-15.483,0.076,0.087
2019-02-01,0.290,-13.423,0.087,0.106
2019-02-02,0.680,-16.082,0.080,0.197
2019-02-03,3.700,-16.041,0.075,0.274
2019-02-04,4.400,-16.505,0.085,0.183
2019-02-05,0.210,-19.556,0.073,0.000
2019-02-06,0.060,-13.497,0.073,0.000
2019-02-07,3.370,-10.498,0.080,0.044
2019-02-08,4.520,-7.955,0.097,0.247
2019-02-09,9.030,-9.202,0.086,0.154
2019-02-10,5.510,-6.566,0.088,0.207
2019-02-11,0.370,-6.607,0.089,0.000
2019-02-12,0.000,-6.395,0.092,0.086
2019-02-13,3.590,-3.696,0.096,0.091
2019-02-14,1.630,0.299,0.102,0.435
2019-02-15,0.000,2.771,0.121,0.842
2019-02-16,0.000,2.450,0.120,1.053
2019-02-17,0.000,-1.723,0.119,0.648
2019-02-18,1.430,-2.347,0.120,0.248
2019-02-19,0.180,-1.372,0.121,0.058
2019-02-20,0.670,-8.549,0.118,0.659
2019-02-21,0.740,-10.814,0.112,0.210
2019-02-22,0.000,-7.364,0.110,0.460
2019-02-23,0.000,5.052,0.110,0.705
2019-02-24,0.000,5.268,0.124,1.254
2019-02-25,1.180,2.312,0.151,1.003
2019-02-26,0.910,2.595,0.159,0.540
2019-02-27,0.000,3.892,0.216,1.204
2019-02-28,1.940,-4.595,0.295,0.706
2019-03-01,0.160,-5.513,0.239,0.473
2019-03-02,0.230,-5.334,0.210,0.534
2019-03-03,0.300,-12.547,0.187,0.205
2019-03-04,1.050,-10.050,0.176,0.203
2019-03-05,0.140,-12.813,0.161,0.424
2019-03-06,0.110,-10.353,0.149,0.513
2019-03-07,4.110,-7.780,0.141,0.366
2019-03-08,13.210,-7.043,0.140,0.336
2019-03-09,2.000,-9.347,0.136,0.317
2019-03-10,5.410,-8.010,0.131,0.319
2019-03-11,0.700,-9.078,0.128,0.567
2019-03-12,0.080,-8.205,0.124,0.736
2019-03-13,0.570,-8.043,0.124,0.433
2019-03-14,9.940,-3.043,0.126,0.262
2019-03-15,0.540,-1.998,0.127,0.288
2019-03-16,7.320,-2.305,0.128,0.306
2019-03-17,3.160,-3.370,0.131,0.341
2019-03-18,16.260,-3.242,0.140,0.336
2019-03-19,0.270,-4.894,0.144,0.516
2019-03-20,2.480,-2.362,0.147,0.482
2019-03-21,0.070,0.948,0.151,1.264
2019-03-22,0.000,0.471,0.153,1.489
2019-03-23,2.160,1.523,0.157,1.282
2019-03-24,0.000,0.442,0.157,1.783
2019-03-25,0.210,-1.980,0.153,1.137
2019-03-26,0.150,-3.263,0.150,1.059
2019-03-27,0.500,0.136,0.151,1.161
2019-03-28,0.000,3.865,0.163,1.471
2019-03-29,0.000,4.757,0.309,2.016
2019-03-30,0.000,0.760,0.409,1.410
2019-03-31,0.000,-0.944,0.391,1.455
2019-04-01,2.390,-0.960,0.367,1.001
2019-04-02,0.160,1.281,0.345,1.496
2019-04-03,0.000,0.274,0.324,1.282
2019-04-04,0.000,0.681,0.307,0.976
2019-04-05,0.000,-2.801,0.293,0.910
2019-04-06,0.000,1.185,0.289,1.096
2019-04-07,0.960,-1.425,0.289,0.813
2019-04-08,0.000,-2.762,0.285,1.635
2019-04-09,0.000,-3.441,0.278,1.551
2019-04-10,0.040,-4.394,0.269,1.476
2019-04-11,0.350,-3.047,0.265,1.485
2019-04-12,0.000,-0.368,0.259,1.794
2019-04-13,0.000,1.562,0.250,1.810
2019-04-14,0.000,2.146,0.242,1.828
2019-04-15,0.000,5.171,0.241,2.123
2019-04-16,0.000,7.941,0.268,2.547
2019-04-17,0.000,8.575,0.398,2.781
2019-04-18,0.000,8.433,0.794,3.162
2019-04-19,0.000,7.908,1.944,2.767
2019-04-20,0.000,7.700,3.765,2.887
2019-04-21,2.700,4.300,4.539,3.006
2019-04-22,0.000,6.000,5.601,3.126
2019-04-23,0.250,11.840,7.267,3.245
2019-04-24,0.000,12.871,8.931,3.602
2019-04-25,0.000,12.978,9.137,3.807
2019-04-26,0.000,13.937,8.747,3.912
2019-04-27,0.000,9.550,8.264,3.467
2019-04-28,0.020,5.219,6.762,2.497
2019-04-29,0.000,8.936,5.844,2.846
2019-04-30,1.420,8.594,5.663,2.957
2019-05-01,5.300,2.209,4.408,1.257
2019-05-02,0.730,-1.861,3.345,1.218
2019-05-03,0.190,-2.513,2.409,1.600
2019-05-04,0.160,-0.354,2.020,1.810
2019-05-05,0.080,0.610,1.790,2.127
2019-05-06,3.760,0.793,1.868,0.815
2019-05-07,13.310,0.909,2.988,0.580
2019-05-08,0.000,1.838,4.299,1.487
2019-05-09,0.060,4.660,3.400,2.320
2019-05-10,0.000,8.709,2.793,3.410
2019-05-11,0.000,9.247,2.482,2.490
2019-05-12,22.450,3.387,6.744,0.499
2019-05-13,0.080,3.012,5.266,1.902
2019-05-14,0.060,4.714,3.037,2.301
2019-05-15,0.000,8.740,2.263,3.190
2019-05-16,0.000,9.760,1.843,3.366
2019-05-17,0.000,12.998,1.568,4.164
2019-05-18,0.000,15.226,1.370,4.676
2019-05-19,0.000,16.012,1.196,4.522
2019-05-20,0.000,15.851,1.081,3.590
2019-05-21,0.000,12.655,0.989,2.571
2019-05-22,1.080,11.799,0.876,2.974
2019-05-23,6.140,2.045,0.966,0.671
2019-05-24,7.080,3.712,2.300,0.750
2019-05-25,0.250,5.220,1.874,1.535
2019-05-26,0.160,7.051,1.416,1.699
2019-05-27,0.100,7.994,1.100,3.584
2019-05-28,2.260,5.907,0.950,1.175
2019-05-29,1.020,6.058,0.951,1.540
2019-05-30,6.580,6.375,0.838,2.577
2019-05-31,8.530,4.285,2.578,1.483
2019-06-01,0.000,8.036,1.793,3.112
2019-06-02,0.140,8.679,1.228,3.719
2019-06-03,12.030,7.236,1.641,1.199
2019-06-04,1.700,11.729,2.398,2.448
2019-06-05,0.400,13.675,1.587,3.628
2019-06-06,0.350,18.092,1.124,5.118
2019-06-07,0.000,20.346,0.846,5.597
2019-06-08,0.000,18.287,0.668,4.548
2019-06-09,0.000,15.118,0.552,3.691
2019-06-10,0.120,13.090,0.453,4.007
2019-06-11,0.270,7.680,0.388,2.339
2019-06-12,0.180,7.985,0.345,3.957
2019-06-13,0.000,9.909,0.312,2.625
2019-06-14,0.000,13.432,0.283,3.813
2019-06-15,0.000,16.566,0.248,4.501
2019-06-16,0.000,18.751,0.211,4.692
2019-06-17,3.300,16.951,0.212,2.952
2019-06-18,0.980,15.648,0.255,4.323
2019-06-19,9.010,14.361,0.342,3.316
2019-06-20,2.080,13.451,0.344,1.990
2019-06-21,0.090,15.256,0.316,2.560
2019-06-22,8.240,10.427,0.413,2.127
2019-06-23,0.060,11.494,0.367,4.143
2019-06-24,0.060,12.276,0.244,4.406
2019-06-25,0.000,12.885,0.192,4.382
2019-06-26,0.330,13.130,0.174,2.957
2019-06-27,0.120,11.714,0.154,4.392
2019-06-28,0.090,11.097,0.126,3.984
2019-06-29,0.090,12.458,0.117,3.414
2019-06-30,13.490,8.702,0.135,3.472
2019-07-01,0.150,11.822,0.463,3.441
2019-07-02,0.000,10.309,0.226,4.459
2019-07-03,0.000,9.797,0.153,4.424
2019-07-04,0.020,11.026,0.122,4.249
2019-07-05,3.170,10.683,0.114,2.517
2019-07-06,6.530,9.602,0.228,1.811
2019-07-07,4.380,10.837,0.202,1.939
2019-07-08,3.670,10.734,0.430,2.898
2019-07-09,0.130,13.631,0.305,4.372
2019-07-10,0.000,13.848,0.239,3.817
2019-07-11,0.000,11.825,0.204,3.358
2019-07-12,0.200,13.975,0.176,4.358
2019-07-13,0.000,14.373,0.145,4.842
2019-07-14,0.800,12.370,0.132,2.900
2019-07-15,8.770,9.064,0.202,0.737
2019-07-16,0.200,12.079,0.237,3.907
2019-07-17,0.110,11.945,0.168,2.562
2019-07-18,0.100,13.373,0.145,3.591
2019-07-19,0.000,14.841,0.126,3.684
2019-07-20,0.000,16.621,0.110,4.624
2019-07-21,0.000,18.003,0.092,5.316
2019-07-22,0.000,19.935,0.080,5.167
2019-07-23,0.000,17.077,0.074,3.016
2019-07-24,0.000,19.416,0.068,4.167
2019-07-25,0.000,22.978,0.056,5.358
2019-07-26,0.000,23.654,0.049,5.294
2019-07-27,0.000,25.282,0.044,5.162
2019-07-28,0.000,17.438,0.039,4.932
2019-07-29,0.000,11.163,0.037,2.877
2019-07-30,0.080,8.919,0.036,2.680
2019-07-31,0.000,10.675,0.033,3.576
2019-08-01,0.260,14.781,0.032,3.756
2019-08-02,0.000,12.266,0.032,2.216
2019-08-03,0.020,10.315,0.031,2.169
2019-08-04,0.020,11.844,0.029,3.104
2019-08-05,0.000,13.669,0.027,3.230
2019-08-06,4.620,11.637,0.048,2.394
2019-08-07,0.040,12.716,0.033,3.540
2019-08-08,1.390,11.349,0.034,1.209
2019-08-09,0.140,13.039,0.034,2.738
2019-08-10,0.000,12.871,0.026,3.256
2019-08-11,4.140,12.794,0.038,1.021
2019-08-12,9.170,13.620,0.105,0.687
2019-08-13,0.230,14.173,0.097,1.586
2019-08-14,0.120,12.088,0.069,1.613
2019-08-15,0.000,10.755,0.056,1.364
2019-08-16,0.320,12.948,0.045,2.798
2019-08-17,0.000,13.751,0.040,1.623
2019-08-18,13.690,13.092,0.087,0.636
2019-08-19,34.960,13.209,2.317,1.287
2019-08-20,0.350,13.509,1.051,2.499
2019-08-21,0.000,13.482,0.661,2.561
2019-08-22,0.100,11.544,0.450,2.666
2019-08-23,9.130,11.000,0.411,0.996
2019-08-24,0.560,12.594,0.430,2.392
2019-08-25,0.940,13.188,0.352,1.292
2019-08-26,0.090,14.387,0.299,2.334
2019-08-27,0.280,17.351,0.239,2.946
2019-08-28,0.000,17.000,0.197,1.791
2019-08-29,0.000,14.889,0.180,0.636
2019-08-30,0.950,15.396,0.174,1.607
2019-08-31,0.130,13.768,0.150,1.555
2019-09-01,0.730,13.792,0.139,0.961
2019-09-02,5.620,12.578,0.206,0.538
2019-09-03,0.650,9.172,0.200,1.685
2019-09-04,0.830,9.334,0.172,1.721
2019-09-05,7.090,9.302,0.226,0.779
2019-09-06,0.610,8.268,0.278,1.840
2019-09-07,4.860,9.168,0.276,0.996
2019-09-08,0.130,7.709,0.370,0.870
2019-09-09,0.360,10.518,0.326,1.448
2019-09-10,0.000,12.687,0.283,0.790
2019-09-11,0.420,12.407,0.261,0.734
2019-09-12,2.000,11.308,0.264,1.339
2019-09-13,0.470,7.670,0.222,1.484
2019-09-14,0.910,5.710,0.195,1.288
2019-09-15,14.770,5.234,0.580,0.511
2019-09-16,0.440,5.043,0.836,1.115
2019-09-17,0.070,4.134,0.637,0.803
2019-09-18,1.810,4.927,0.505,0.701
2019-09-19,0.520,3.562,0.429,1.291
2019-09-20,1.030,1.771,0.351,0.707
2019-09-21,0.910,2.372,0.356,0.588
2019-09-22,0.320,3.285,0.315,1.197
2019-09-23,0.100,4.145,0.276,0.994
2019-09-24,0.000,4.681,0.253,0.797
2019-09-25,0.000,5.461,0.234,0.740
2019-09-26,0.000,7.645,0.211,0.824
2019-09-27,0.000,8.584,0.196,0.708
2019-09-28,0.000,6.885,0.188,0.720
2019-09-29,3.240,6.632,0.195,0.428
2019-09-30,0.430,2.935,0.221,0.463
2019-10-01,11.980,5.008,0.387,0.345
2019-10-02,1.710,1.736,0.869,0.932
2019-10-03,0.660,-0.114,0.739,0.703
2019-10-04,0.310,-0.053,0.579,1.056
2019-10-05,0.090,1.219,0.451,0.913
2019-10-06,0.000,1.771,0.373,0.619
2019-10-07,0.000,2.598,0.325,0.575
2019-10-08,0.000,0.292,0.298,0.465
2019-10-09,0.290,-0.707,0.275,0.329
2019-10-10,3.110,1.089,0.271,0.365
2019-10-11,0.500,1.129,0.337,0.201
2019-10-12,0.000,-1.001,0.323,0.222
2019-10-13,2.530,-1.077,0.308,0.133
2019-10-14,0.630,-2.191,0.292,0.000
2019-10-15,0.000,-1.974,0.271,0.134
2019-10-16,0.000,-2.923,0.257,0.188
2019-10-17,0.000,-1.000,0.247,0.138
2019-10-18,0.000,0.911,0.253,0.173
2019-10-19,0.790,-0.014,0.301,0.222
2019-10-20,0.000,-4.345,0.300,0.134
2019-10-21,0.000,-2.254,0.274,0.124
2019-10-22,1.430,1.358,0.267,0.315
2019-10-23,0.000,3.249,0.266,0.667
2019-10-24,0.000,3.424,0.269,0.182
2019-10-25,3.530,5.344,0.344,0.252
2019-10-26,7.590,-0.019,0.836,0.023
2019-10-27,0.880,-2.302,0.869,0.048
2019-10-28,0.880,-3.878,0.700,0.000
2019-10-29,1.750,-4.522,0.562,0.033
2019-10-30,0.200,-5.066,0.463,0.000
2019-10-31,0.000,-0.408,0.409,0.077
2019-11-01,0.460,-3.160,0.360,0.000
2019-11-02,0.440,-0.745,0.334,0.000
2019-11-03,0.050,-5.701,0.306,0.018
2019-11-04,0.150,-7.042,0.267,0.000
2019-11-05,0.180,-9.253,0.232,0.000
2019-11-06,0.000,-10.547,0.212,0.000
2019-11-07,0.000,-7.217,0.201,0.000
2019-11-08,0.000,-7.983,0.190,0.205
2019-11-09,0.000,-10.862,0.176,0.165
2019-11-10,4.010,-9.994,0.165,0.226
2019-11-11,3.830,-9.667,0.167,0.189
2019-11-12,5.130,-4.010,0.170,0.171
2019-11-13,4.330,0.205,0.206,0.177
2019-11-14,0.120,-0.579,0.254,0.096
2019-11-15,0.150,-6.798,0.235,0.000
2019-11-16,0.550,-4.233,0.220,0.000
2019-11-17,3.920,-3.158,0.216,0.090
2019-11-18,0.270,-3.832,0.212,0.100
2019-11-19,2.120,0.946,0.271,0.170
2019-11-20,5.060,1.342,0.893,0.219
2019-11-21,0.000,-1.084,0.775,0.198
2019-11-22,1.150,0.148,0.682,0.149
2019-11-23,0.940,-1.003,0.765,0.204
2019-11-24,0.310,-0.141,0.766,0.236
2019-11-25,0.320,-1.312,0.800,0.280
2019-11-26,2.780,-3.587,0.736,0.159
2019-11-27,0.660,-8.015,0.636,0.114
2019-11-28,7.500,-7.436,0.564,0.147
2019-11-29,0.050,-10.401,0.515,0.000
2019-11-30,0.060,-8.056,0.446,0.052
2019-12-01,0.000,-5.971,0.402,0.161
2019-12-02,0.000,-4.838,0.366,0.140
2019-12-03,1.400,-4.098,0.339,0.106
2019-12-04,1.070,3.551,0.386,0.417
2019-12-05,0.000,0.348,0.407,0.000
2019-12-06,0.000,-3.066,0.380,0.209
2019-12-07,0.100,-2.927,0.340,0.171
2019-12-08,1.460,-4.643,0.304,0.115
2019-12-09,3.310,-8.080,0.280,0.151
2019-12-10,0.120,-10.435,0.244,0.000
2019-12-11,7.970,-1.855,0.247,0.169
2019-12-12,0.060,-0.237,0.266,0.189
2019-12-13,2.830,-0.993,0.360,0.211
2019-12-14,4.030,-1.067,0.349,0.213
2019-12-15,4.820,-1.308,0.342,0.125
2019-12-16,1.730,-2.415,0.340,0.018
2019-12-17,0.380,-3.245,0.326,0.299
2019-12-18,0.170,-8.711,0.310,0.233
2019-12-19,0.000,-4.579,0.296,0.000
2019-12-20,1.950,-1.987,0.287,0.258
2019-12-21,0.910,-0.547,0.285,0.323
2019-12-22,13.160,-0.943,0.283,0.252
2019-12-23,0.850,-3.743,0.287,0.059
2019-12-24,0.130,-5.424,0.281,0.000
2019-12-25,1.580,-5.325,0.274,0.100
2019-12-26,1.040,-4.200,0.268,0.055
2019-12-27,0.160,-8.280,0.258,0.000
2019-12-28,0.300,-8.580,0.247,0.230
2019-12-29,4.570,-3.242,0.260,0.162
2019-12-30,0.000,1.402,0.433,0.000
2019-12-31,0.640,-2.819,0.482,0.000
2020-01-01,3.270,0.951,0.429,0.082
2020-01-02,0.000,3.601,0.428,1.032
2020-01-03,0.010,0.503,0.429,0.895
2020-01-04,0.140,-2.531,0.407,0.775
2020-01-05,1.720,-6.591,0.361,0.190
2020-01-06,0.580,-1.321,0.351,0.045
2020-01-07,0.180,-0.559,0.336,0.000
2020-01-08,0.210,1.030,0.338,0.578
2020-01-09,0.000,-0.684,0.323,0.447
2020-01-10,0.050,-2.833,0.306,0.088
2020-01-11,0.000,-2.965,0.297,0.257
2020-01-12,0.000,-0.194,0.292,0.322
2020-01-13,0.010,-2.221,0.274,0.591
2020-01-14,2.420,-1.815,0.264,0.474
2020-01-15,4.530,-1.146,0.262,0.201
2020-01-16,0.060,-4.153,0.253,0.040
2020-01-17,0.530,-2.305,0.243,0.087
2020-01-18,14.860,-7.412,0.247,0.242
2020-01-19,0.200,-7.449,0.247,0.067
2020-01-20,0.000,1.102,0.263,0.139
2020-01-21,0.000,0.893,0.454,0.884
2020-01-22,0.000,-2.192,0.395,0.474
2020-01-23,7.590,-2.186,0.370,0.354
2020-01-24,0.060,-1.781,0.367,0.046
2020-01-25,0.100,-4.385,0.346,0.293
2020-01-26,5.260,-8.150,0.333,0.198
2020-01-27,4.350,-7.621,0.320,0.279
2020-01-28,3.840,-5.811,0.321,0.157
2020-01-29,1.360,-8.275,0.312,0.226
2020-01-30,2.360,-3.612,0.306,0.113
2020-01-31,4.070,-2.142,0.305,0.129
2020-02-01,8.250,-1.271,0.318,0.139
2020-02-02,0.270,-3.596,0.322,0.000
2020-02-03,0.070,-7.656,0.304,0.015
2020-02-04,0.290,-11.800,0.284,0.000
2020-02-05,0.000,-7.746,0.274,0.172
2020-02-06,0.000,-9.108,0.259,0.113
2020-02-07,3.290,-4.982,0.250,0.184
2020-02-08,0.000,-2.063,0.250,0.000
2020-02-09,3.240,-2.197,0.253,0.129
2020-02-10,11.860,0.578,0.770,0.181
2020-02-11,0.050,-0.015,0.827,0.281
2020-02-12,0.280,-4.129,0.608,0.000
2020-02-13,0.050,-7.620,0.524,0.000
2020-02-14,0.060,-5.486,0.467,0.042
2020-02-15,1.730,-2.827,0.441,0.117
2020-02-16,18.280,-0.695,0.507,0.211
2020-02-17,2.230,-0.266,1.041,0.000
2020-02-18,0.060,0.354,0.751,0.248
2020-02-19,0.000,-3.808,0.619,0.319
2020-02-20,1.550,-5.142,0.554,0.289
2020-02-21,9.040,-0.633,0.546,0.070
2020-02-22,1.920,0.246,0.547,0.132
2020-02-23,0.030,-0.840,0.622,0.604
2020-02-24,0.000,-2.920,0.550,1.046
2020-02-25,0.360,-6.866,0.507,0.258
2020-02-26,0.000,-8.614,0.476,0.222
2020-02-27,0.140,-7.341,0.443,0.194
2020-02-28,0.000,-6.861,0.421,0.167
2020-02-29,1.270,-7.187,0.406,0.207
2020-03-01,0.190,-10.955,0.388,0.173
2020-03-02,1.440,-9.628,0.366,0.246
2020-03-03,0.470,-8.383,0.341,0.284
2020-03-04,2.020,-6.253,0.330,0.285
2020-03-05,9.650,-5.446,0.339,0.272
2020-03-06,0.240,-5.346,0.327,0.220
2020-03-07,0.000,-2.054,0.311,0.249
2020-03-08,2.240,-1.060,0.309,0.225
2020-03-09,0.560,2.144,0.339,0.306
2020-03-10,0.250,-0.103,0.363,0.363
2020-03-11,1.520,-0.764,0.359,0.235
2020-03-12,0.560,-0.960,0.363,0.256
2020-03-13,0.740,-5.836,0.347,0.749
2020-03-14,0.060,-6.415,0.328,0.897
2020-03-15,0.000,-2.919,0.332,0.686
2020-03-16,0.000,-1.455,0.324,1.311
2020-03-17,0.450,-0.527,0.316,0.844
2020-03-18,0.350,1.379,0.312,1.279
2020-03-19,0.280,-1.576,0.301,0.753
2020-03-20,0.520,-4.599,0.287,1.110
2020-03-21,0.000,-4.572,0.278,1.058
2020-03-22,0.000,-3.513,0.272,1.075
2020-03-23,0.000,-0.753,0.271,1.234
2020-03-24,0.000,1.955,0.271,1.449
2020-03-25,0.000,5.014,0.284,1.959
2020-03-26,0.000,1.947,0.331,1.282
2020-03-27,0.000,2.655,0.347,1.239
2020-03-28,0.000,-1.367,0.383,1.616
2020-03-29,0.000,-5.465,0.392,1.114
2020-03-30,0.150,-6.408,0.382,1.150
2020-03-31,2.920,-1.141,0.393,1.202
2020-04-01,0.190,-0.975,0.390,1.526
2020-04-02,3.180,-3.471,0.384,0.636
2020-04-03,0.260,-3.504,0.364,1.140
2020-04-04,0.080,-3.168,0.326,1.520
2020-04-05,0.240,-3.474,0.303,1.394
2020-04-06,0.000,-0.229,0.300,0.876
2020-04-07,0.000,3.649,0.309,1.509
2020-04-08,0.000,3.827,0.372,2.034
2020-04-09,0.000,0.891,0.505,1.881
2020-04-10,0.550,-0.554,0.549,1.762
2020-04-11,0.230,-1.231,0.546,1.628
2020-04-12,5.050,-0.941,0.556,0.491
2020-04-13,7.060,-2.335,0.554,0.747
2020-04-14,0.800,0.705,0.518,1.885
2020-04-15,3.810,2.312,0.516,1.833
2020-04-16,0.160,1.891,0.510,2.197
2020-04-17,0.180,1.403,0.516,2.366
2020-04-18,0.020,2.425,0.581,2.270
2020-04-19,0.000,5.115,0.849,2.058
2020-04-20,0.000,5.384,1.844,2.126
2020-04-21,0.000,6.548,3.047,2.469
2020-04-22,0.000,5.859,4.059,2.594
2020-04-23,0.000,3.261,4.460,1.642
2020-04-24,3.230,1.363,4.359,1.017
2020-04-25,0.240,0.860,4.170,2.220
2020-04-26,0.000,1.450,3.293,1.782
2020-04-27,0.000,0.349,2.834,1.538
2020-04-28,0.000,-1.077,2.337,1.539
2020-04-29,0.070,-0.906,1.957,1.663
2020-04-30,0.090,0.407,1.785,1.946
2020-05-01,1.250,1.200,1.726,1.662
2020-05-02,6.750,1.234,2.254,0.380
2020-05-03,0.860,4.279,3.964,1.784
2020-05-04,0.060,4.176,4.989,2.415
2020-05-05,0.120,4.258,5.181,2.801
2020-05-06,0.000,4.201,5.732,2.698
2020-05-07,0.000,3.313,5.162,2.763
2020-05-08,1.560,2.087,4.571,1.600
2020-05-09,0.380,2.001,5.046,2.576
2020-05-10,4.100,0.545,4.286,1.222
2020-05-11,0.190,0.249,3.631,2.485
2020-05-12,0.110,0.884,3.130,2.223
2020-05-13,0.100,1.901,2.859,2.540
2020-05-14,0.000,1.534,2.904,2.541
2020-05-15,0.000,1.331,2.810,2.385
2020-05-16,0.110,1.612,2.716,2.021
2020-05-17,0.250,2.286,2.798,1.923
2020-05-18,0.100,3.769,3.109,2.392
2020-05-19,4.040,1.732,3.388,1.570
2020-05-20,0.270,4.360,3.445,2.632
2020-05-21,0.000,6.561,3.277,3.315
2020-05-22,0.000,8.448,3.108,4.241
2020-05-23,0.000,7.525,3.211,3.132
2020-05-24,0.210,6.271,3.113,1.305
2020-05-25,0.260,11.247,2.684,3.586
2020-05-26,0.000,13.764,2.285,4.565
2020-05-27,0.040,10.622,1.919,3.586
2020-05-28,0.130,7.845,1.491,3.263
2020-05-29,0.190,8.769,1.236,2.860
2020-05-30,0.000,11.061,1.041,4.353
2020-05-31,0.000,16.354,0.890,5.061
2020-06-01,0.000,20.010,0.774,6.166
2020-06-02,0.000,17.183,0.678,4.194
2020-06-03,0.000,13.347,0.663,3.067
2020-06-04,0.000,14.551,0.563,4.778
2020-06-05,0.000,10.741,0.498,1.996
2020-06-06,9.340,10.554,0.558,1.582
2020-06-07,11.570,8.793,2.357,1.133
2020-06-08,0.090,10.413,1.433,3.745
2020-06-09,0.000,10.766,0.968,4.478
2020-06-10,0.000,14.483,0.708,4.910
2020-06-11,0.000,15.965,0.557,5.189
2020-06-12,0.000,16.154,0.451,5.411
2020-06-13,0.000,18.465,0.370,5.853
2020-06-14,0.000,19.993,0.307,6.548
2020-06-15,0.000,19.197,0.313,5.002
2020-06-16,0.000,15.584,0.301,4.196
2020-06-17,1.080,16.409,0.265,5.307
2020-06-18,0.380,15.906,0.259,3.561
2020-06-19,0.000,16.696,0.226,4.997
2020-06-20,0.000,16.027,0.191,5.542
2020-06-21,0.000,18.317,0.166,5.494
2020-06-22,0.000,19.945,0.147,5.924
2020-06-23,0.000,21.430,0.129,5.493
2020-06-24,0.000,21.683,0.114,5.677
2020-06-25,0.000,24.718,0.103,6.616
2020-06-26,0.120,21.761,0.095,5.023
2020-06-27,0.040,16.118,0.085,5.394
2020-06-28,0.000,15.109,0.078,5.090
2020-06-29,6.140,13.732,0.101,2.008
2020-06-30,0.130,14.653,0.125,3.106
2020-07-01,0.430,10.717,0.102,3.138
2020-07-02,2.640,9.467,0.084,3.856
2020-07-03,8.700,7.560,0.204,1.609
2020-07-04,9.470,7.764,0.285,1.464
2020-07-05,0.000,10.397,0.292,3.553
2020-07-06,8.170,8.876,0.241,1.073
2020-07-07,1.810,10.915,0.340,2.192
2020-07-08,0.670,11.271,0.277,2.293
2020-07-09,13.240,10.024,0.410,1.634
2020-07-10,2.640,11.800,0.647,2.919
2020-07-11,10.030,12.321,0.503,2.995
2020-07-12,5.110,11.181,0.467,3.176
2020-07-13,2.190,10.245,0.516,2.286
2020-07-14,0.300,12.218,0.442,2.631
2020-07-15,0.000,11.750,0.338,1.938
2020-07-16,0.000,15.186,0.281,3.295
2020-07-17,0.000,16.574,0.227,3.808
2020-07-18,0.000,16.924,0.191,2.674
2020-07-19,0.000,16.799,0.163,3.057
2020-07-20,0.000,16.211,0.143,2.589
2020-07-21,2.540,12.506,0.146,1.400
2020-07-22,0.320,10.000,0.142,1.822
2020-07-23,19.510,9.424,0.522,1.085
2020-07-24,2.070,10.147,0.810,1.578
2020-07-25,6.680,10.853,0.883,1.521
2020-07-26,0.130,13.688,0.851,3.384
2020-07-27,2.170,13.524,0.605,1.507
2020-07-28,0.570,14.703,0.539,2.187
2020-07-29,3.840,14.382,0.468,1.383
2020-07-30,7.280,13.021,0.964,1.084
2020-07-31,0.530,16.224,0.815,3.559
2020-08-01,0.000,17.024,0.538,3.420
2020-08-02,0.000,14.428,0.398,2.393
2020-08-03,0.350,13.178,0.316,2.374
2020-08-04,0.000,13.213,0.269,1.964
2020-08-05,0.170,13.530,0.211,3.423
2020-08-06,0.000,14.677,0.176,2.181
2020-08-07,0.000,18.394,0.150,3.396
2020-08-08,0.000,19.704,0.131,3.793
2020-08-09,0.000,14.775,0.110,4.043
2020-08-10,0.000,12.866,0.096,3.026
2020-08-11,0.000,14.095,0.088,2.947
2020-08-12,4.040,12.197,0.104,1.565
2020-08-13,0.000,13.832,0.102,1.618
2020-08-14,0.160,15.314,0.091,2.521
2020-08-15,0.110,14.974,0.075,3.152
2020-08-16,0.000,12.663,0.064,3.639
2020-08-17,0.000,11.925,0.056,3.195
2020-08-18,0.130,13.764,0.052,3.095
2020-08-19,0.000,16.746,0.053,2.408
2020-08-20,0.000,16.726,0.052,2.606
2020-08-21,0.000,16.131,0.049,2.155
2020-08-22,0.280,16.582,0.050,1.895
2020-08-23,8.840,13.639,0.098,1.832
2020-08-24,0.180,9.577,0.073,2.432
2020-08-25,0.340,9.097,0.054,2.241
2020-08-26,2.980,8.304,0.058,1.521
2020-08-27,0.140,9.264,0.059,2.030
2020-08-28,0.000,9.930,0.050,1.757
2020-08-29,0.000,10.690,0.046,1.961
2020-08-30,1.070,10.315,0.047,1.533
2020-08-31,0.000,10.358,0.049,1.927
2020-09-01,0.000,9.699,0.039,2.209
2020-09-02,0.000,11.210,0.039,1.817
2020-09-03,0.910,10.574,0.042,0.878
2020-09-04,5.310,12.566,0.072,0.765
2020-09-05,6.940,11.418,0.134,1.009
2020-09-06,0.220,9.639,0.097,1.459
2020-09-07,0.000,10.095,0.068,1.750
2020-09-08,1.130,10.026,0.062,1.286
2020-09-09,0.430,9.597,0.055,1.578
2020-09-10,0.000,7.977,0.050,1.874
2020-09-11,0.000,7.247,0.044,1.585
2020-09-12,3.120,9.298,0.054,1.037
2020-09-13,0.500,8.095,0.049,1.546
2020-09-14,0.100,8.008,0.040,1.846
2020-09-15,0.000,8.073,0.037,1.440
2020-09-16,33.830,5.203,0.993,0.602
2020-09-17,0.090,6.240,0.713,1.558
2020-09-18,0.260,8.267,0.540,1.689
2020-09-19,0.000,8.004,0.425,1.793
2020-09-20,0.390,6.587,0.341,1.355
2020-09-21,2.640,7.956,0.301,1.278
2020-09-22,1.610,6.651,0.253,1.552
2020-09-23,0.660,8.574,0.253,0.731
2020-09-24,3.210,6.681,0.266,0.529
2020-09-25,0.120,8.989,0.273,1.095
2020-09-26,12.090,4.856,0.321,0.662
2020-09-27,5.120,4.444,0.970,0.356
2020-09-28,0.000,8.004,0.913,0.361
2020-09-29,0.000,8.644,0.709,0.364
2020-09-30,0.360,9.202,0.567,0.357
2020-10-01,0.000,7.799,0.479,0.326
2020-10-02,0.000,7.089,0.412,0.323
2020-10-03,0.000,8.071,0.364,0.350
2020-10-04,0.620,8.399,0.333,0.537
2020-10-05,4.680,8.213,0.341,0.437
2020-10-06,13.030,8.965,0.658,0.305
2020-10-07,18.790,9.163,4.277,0.294
2020-10-08,4.060,8.857,3.118,0.278
2020-10-09,21.790,7.879,2.836,0.306
2020-10-10,2.050,7.911,6.372,0.414
2020-10-11,6.090,6.318,3.030,0.606
2020-10-12,0.330,4.597,2.499,0.151
2020-10-13,0.450,3.332,1.732,0.311
2020-10-14,0.000,2.523,1.321,0.214
2020-10-15,0.000,3.499,1.103,0.372
2020-10-16,0.000,2.620,1.053,0.173
2020-10-17,0.490,2.868,0.951,0.487
2020-10-18,12.660,-2.410,0.869,0.327
2020-10-19,4.610,-2.256,0.836,0.214
2020-10-20,0.240,-3.744,0.768,0.000
2020-10-21,9.230,-1.040,0.732,0.185
2020-10-22,3.910,-1.800,0.780,0.189
2020-10-23,0.830,-3.049,0.765,0.000
2020-10-24,0.000,-2.550,0.692,0.000
2020-10-25,7.070,-0.638,0.811,0.201
2020-10-26,0.620,4.968,2.882,0.186
2020-10-27,15.550,4.026,7.387,0.150
2020-10-28,2.010,4.717,6.215,0.213
2020-10-29,0.120,4.388,4.785,0.200
2020-10-30,0.000,-1.138,2.835,0.115
2020-10-31,4.020,0.672,2.101,0.242
2020-11-01,6.230,4.859,2.309,0.186
2020-11-02,42.520,7.250,15.923,0.306
2020-11-03,0.000,3.511,8.455,0.015
2020-11-04,0.350,1.401,4.303,0.000
2020-11-05,4.150,3.490,3.486,0.498
2020-11-06,0.000,6.281,2.851,0.831
2020-11-07,0.000,5.706,2.382,0.423
2020-11-08,0.000,0.121,1.986,0.125
2020-11-09,0.000,1.057,1.719,0.183
2020-11-10,0.000,-1.414,1.510,0.075
2020-11-11,0.000,-0.111,1.409,0.000
2020-11-12,0.340,0.139,1.360,0.070
2020-11-13,1.770,1.610,1.332,0.209
2020-11-14,3.390,3.672,1.518,0.201
2020-11-15,1.880,4.155,1.769,0.247
2020-11-16,5.840,4.055,2.028,0.189
2020-11-17,1.450,5.045,2.746,0.159
2020-11-18,4.820,1.577,2.267,0.088
2020-11-19,9.800,-3.147,2.240,0.234
2020-11-20,0.180,-3.516,1.844,0.150
2020-11-21,0.490,-2.711,1.523,0.235
2020-11-22,0.200,-0.431,1.404,0.000
2020-11-23,0.000,-0.013,1.369,0.000
2020-11-24,0.720,-3.374,1.195,0.000
2020-11-25,10.780,-0.346,1.285,0.193
2020-11-26,0.550,-2.026,1.822,0.000
2020-11-27,0.000,-5.269,1.339,0.000
2020-11-28,0.000,-4.003,1.112,0.000
2020-11-29,0.150,-5.989,1.025,0.091
2020-11-30,0.520,-3.199,0.965,0.129
2020-12-01,0.810,-4.137,0.921,0.000
2020-12-02,0.000,-3.766,0.852,0.070
2020-12-03,5.910,-0.452,0.847,0.234
2020-12-04,1.270,-1.837,0.844,0.157
2020-12-05,4.180,-0.400,0.845,0.276
2020-12-06,7.380,2.659,2.057,0.289
2020-12-07,2.840,1.814,3.575,0.213
2020-12-08,2.160,-0.793,3.257,0.206
2020-12-09,2.460,-0.967,2.373,0.199
2020-12-10,0.180,-0.415,2.086,0.209
2020-12-11,0.110,-2.760,1.795,0.252
2020-12-12,0.620,-4.685,1.495,0.211
2020-12-13,4.840,-2.522,1.319,0.282
2020-12-14,0.870,-2.407,1.232,0.262
2020-12-15,5.720,-1.806,1.168,0.164
2020-12-16,1.410,-3.596,1.145,0.081
2020-12-17,0.140,-4.272,1.045,0.159
2020-12-18,2.730,-2.929,0.997,0.073
2020-12-19,0.330,-0.817,0.968,0.259
2020-12-20,4.220,0.652,1.348,0.232
2020-12-21,0.000,1.596,1.969,0.209
2020-12-22,1.190,-1.017,1.740,0.040
2020-12-23,6.210,-0.790,1.905,0.213
2020-12-24,1.130,-2.688,1.708,0.029
2020-12-25,0.740,-6.634,1.394,0.208
2020-12-26,1.410,-7.236,1.204,0.213
2020-12-27,9.100,-2.093,1.135,0.146
2020-12-28,12.540,-1.974,1.536,0.146
2020-12-29,3.560,-2.226,1.320,0.146
2020-12-30,3.380,-3.155,1.190,0.146
2020-12-31,1.130,-5.084,1.094,0.146
